Zeit_Messung (sec);R (Ohm)

0,00;373,03
0,11;373,03
0,23;373,02
0,36;373,02
0,48;373,02
0,61;373,02
0,73;373,03
0,86;373,02
0,98;373,03
1,11;373,02
1,23;373,02
1,36;373,02
1,48;373,02
1,61;373,01
1,73;373,01
1,86;373,01
1,98;373,01
2,11;373,02
2,23;373,03
2,36;373,04
2,48;373,05
2,61;373,07
2,73;373,09
2,86;373,12
2,98;373,15
3,11;373,18
3,23;373,23
3,36;373,27
3,48;373,32
3,61;373,37
3,73;373,42
3,86;373,46
3,98;373,51
4,11;373,55
4,23;373,59
4,36;373,63
4,48;373,66
4,61;373,68
4,73;373,69
4,86;373,70
4,98;373,70
5,11;373,71
5,23;373,70
5,36;373,69
5,48;373,68
5,61;373,67
5,77;373,66
5,86;373,65
5,98;373,64
6,11;373,63
6,23;373,62
6,36;373,61
6,48;373,59
6,61;373,58
6,74;373,57
6,86;373,57
6,98;373,56
7,11;373,55
7,23;373,54
7,36;373,53
7,48;373,53
7,61;373,53
7,73;373,52
7,86;373,51
7,98;373,50
8,11;373,50
8,23;373,50
8,36;373,49
8,48;373,48
8,61;373,48
8,73;373,48
8,86;373,47
8,98;373,47
9,11;373,46
9,23;373,45
9,36;373,45
9,48;373,44
9,61;373,44
9,73;373,44
9,86;373,44
9,98;373,43
10,11;373,42
10,23;373,43
10,36;373,42
10,48;373,41
10,61;373,42
10,73;373,41
10,86;373,40
10,98;373,40
11,11;373,40
11,23;373,40
11,36;373,39
11,48;373,39
11,61;373,39
11,73;373,39
11,86;373,38
11,98;373,39
12,11;373,39
12,23;373,39
12,36;373,39
12,48;373,38
12,61;373,39
12,73;373,38
12,86;373,37
12,98;373,37
13,11;373,36
13,23;373,37
13,36;373,36
13,48;373,36
13,61;373,36
13,73;373,36
13,86;373,35
13,98;373,35
14,11;373,35
14,23;373,35
14,36;373,35
14,48;373,35
14,61;373,34
14,73;373,34
14,86;373,34
14,98;373,34
15,11;373,33
15,23;373,34
15,36;373,32
15,48;373,33
15,61;373,32
15,73;373,32
15,86;373,32
15,98;373,32
16,11;373,31
16,23;373,31
16,36;373,30
16,48;373,31
16,61;373,31
16,73;373,30
16,86;373,30
16,98;373,30
17,11;373,30
17,23;373,30
17,36;373,30
17,48;373,29
17,61;373,29
17,73;373,29
17,86;373,28
17,98;373,28
18,11;373,28
18,23;373,28
18,36;373,28
18,48;373,28
18,61;373,27
18,73;373,27
18,86;373,27
18,98;373,27
19,11;373,26
19,23;373,26
19,36;373,26
19,48;373,26
19,61;373,26
19,73;373,25
19,86;373,26
19,98;373,25
20,11;373,25
20,23;373,25
20,36;373,25
20,48;373,26
20,61;373,25
20,73;373,25
20,90;373,24
20,98;373,24
21,11;373,24
21,23;373,24
21,36;373,24
21,48;373,24
21,61;373,24
21,73;373,24
21,86;373,23
21,98;373,23
22,11;373,23
22,23;373,22
22,36;373,23
22,48;373,24
22,61;373,23
22,73;373,23
22,86;373,23
22,98;373,23
23,11;373,23
23,23;373,23
23,36;373,23
23,48;373,23
23,61;373,22
23,73;373,23
23,86;373,23
23,98;373,23
24,11;373,23
24,23;373,22
24,36;373,23
24,48;373,22
24,61;373,22
24,73;373,22
24,86;373,21
24,98;373,21
25,11;373,21
25,23;373,21
25,36;373,21
25,48;373,20
25,61;373,21
25,73;373,20
25,86;373,20
25,98;373,20
26,11;373,20
26,23;373,21
26,36;373,20
26,48;373,19
26,61;373,19
26,73;373,20
26,86;373,19
26,98;373,19
27,11;373,19
27,23;373,19
27,36;373,19
27,48;373,19
27,61;373,19
27,73;373,19
27,86;373,19
27,98;373,18
28,11;373,18
28,23;373,18
28,36;373,17
28,48;373,18
28,61;373,17
28,73;373,17
28,86;373,18
28,98;373,18
29,11;373,17
29,23;373,17
29,36;373,17
29,48;373,17
29,61;373,16
29,73;373,17
29,86;373,16
29,98;373,17
30,11;373,16
30,23;373,16
30,36;373,16
30,48;373,16
30,61;373,16
30,73;373,16
30,86;373,15
30,98;373,15
31,11;373,15
31,23;373,15
31,36;373,16
31,48;373,15
31,61;373,15
31,73;373,15
31,86;373,15
31,98;373,15
32,11;373,15
32,23;373,15
32,36;373,14
32,48;373,14
32,61;373,14
32,73;373,14
32,86;373,14
32,98;373,14
33,11;373,14
33,23;373,14
33,36;373,13
33,48;373,13
33,61;373,12
33,73;373,13
33,86;373,13
33,98;373,13
34,11;373,13
34,23;373,13
34,36;373,13
34,48;373,14
34,61;373,13
34,73;373,13
34,86;373,13
34,98;373,13
35,11;373,13
35,23;373,13
35,36;373,12
35,48;373,12
35,61;373,11
35,73;373,12
35,86;373,12
36,02;373,12
36,11;373,12
36,23;373,11
36,36;373,12
36,48;373,11
36,61;373,11
36,73;373,11
36,86;373,11
36,98;373,11
37,11;373,11
37,23;373,11
37,36;373,11
37,48;373,11
37,61;373,11
37,73;373,11
37,86;373,11
37,98;373,10
38,11;373,11
38,23;373,10
38,36;373,11
38,48;373,11
38,61;373,10
38,73;373,09
38,86;373,10
38,98;373,10
39,11;373,10
39,23;373,10
39,36;373,09
39,48;373,10
39,61;373,10
39,73;373,10
39,86;373,09
39,98;373,09
40,11;373,10
40,23;373,10
40,36;373,09
40,48;373,10
40,61;373,09
40,73;373,09
40,86;373,09
40,98;373,09
41,11;373,10
41,23;373,09
41,36;373,08
41,48;373,09
41,61;373,09
41,73;373,09
41,86;373,08
41,98;373,09
42,11;373,09
42,23;373,09
42,36;373,08
42,48;373,09
42,61;373,09
42,73;373,08
42,86;373,08
42,98;373,08
43,11;373,08
43,23;373,08
43,36;373,08
43,48;373,08
43,61;373,08
43,73;373,08
43,86;373,08
43,98;373,08
44,11;373,08
44,23;373,07
44,36;373,09
44,48;373,08
44,61;373,08
44,73;373,08
44,86;373,08
44,98;373,08
45,11;373,08
45,23;373,08
45,36;373,07
45,48;373,07
45,61;373,07
45,73;373,07
45,86;373,07
45,98;373,07
46,11;373,07
46,23;373,06
46,36;373,07
46,48;373,07
46,61;373,07
46,73;373,07
46,86;373,06
46,98;373,06
47,11;373,06
47,23;373,07
47,36;373,06
47,48;373,06
47,61;373,05
47,73;373,06
47,86;373,06
47,98;373,05
48,11;373,06
48,23;373,06
48,36;373,06
48,48;373,06
48,61;373,06
48,73;373,05
48,86;373,06
48,98;373,05
49,11;373,06
49,23;373,05
49,36;373,04
49,48;373,04
49,61;373,04
49,73;373,05
49,86;373,05
49,98;373,04
50,11;373,04
50,23;373,04
50,36;373,04
50,48;373,04
50,61;373,04
50,73;373,04
50,86;373,04
50,98;373,04
51,15;373,05
51,23;373,04
51,36;373,04
51,48;373,04
51,61;373,04
51,73;373,03
51,86;373,03
51,98;373,03
52,11;373,03
52,23;373,03
52,36;373,03
52,48;373,03
52,61;373,03
52,73;373,03
52,86;373,02
52,98;373,03
53,11;373,03
53,23;373,03
53,36;373,02
53,48;373,03
53,61;373,02
53,73;373,03
53,86;373,03
53,98;373,03
54,11;373,02
54,23;373,02
54,36;373,03
54,48;373,02
54,61;373,03
54,73;373,02
54,86;373,02
54,98;373,02
55,11;373,02
55,23;373,02
55,36;373,02
55,48;373,02
55,61;373,02
55,73;373,02
55,86;373,02
55,98;373,01
56,11;373,01
56,23;373,02
56,36;373,01
56,48;373,01
56,61;373,01
56,73;373,01
56,86;373,01
56,98;373,01
57,11;373,01
57,23;373,01
57,36;373,01
57,48;373,01
57,61;373,01
57,73;373,00
57,86;373,01
57,98;373,00
58,11;373,00
58,23;373,00
58,36;373,00
58,48;372,99
58,61;373,00
58,73;373,00
58,86;373,00
58,98;373,00
59,11;373,00
59,23;373,00
59,36;373,00
59,48;373,00
59,61;373,00
59,73;373,00
59,86;373,00
59,98;373,00
60,11;373,00
60,23;373,00
60,36;373,00
60,48;373,00
60,61;372,99
60,73;373,00
60,86;372,99
60,98;372,99
61,11;373,00
61,23;373,00
61,36;373,00
61,48;373,00
61,61;372,99
61,73;372,99
61,86;373,00
61,98;373,00
62,11;372,99
62,23;372,99
62,36;372,99
62,48;372,99
62,61;372,99
62,73;372,99
62,86;372,99
62,98;372,99
63,11;373,00
63,23;372,99
63,36;372,99
63,48;372,99
63,61;372,99
63,73;372,99
63,86;372,99
63,98;372,99
64,11;372,98
64,23;372,99
64,36;372,99
64,48;372,98
64,61;372,98
64,73;372,98
64,86;372,98
64,98;372,97
65,11;372,98
65,23;372,98
65,36;372,98
65,48;372,98
65,61;372,98
65,73;372,98
65,86;372,98
65,98;372,98
66,11;372,98
66,27;372,97
66,36;372,98
66,48;372,98
66,61;372,98
66,73;372,98
66,86;372,98
66,98;372,98
67,11;372,98
67,23;372,98
67,36;372,97
67,48;372,98
67,61;372,98
67,73;372,97
67,86;372,98
67,98;372,97
68,11;372,97
68,23;372,98
68,36;372,98
68,48;372,97
68,61;372,97
68,73;372,97
68,86;372,97
68,98;372,97
69,11;372,97
69,23;372,97
69,36;372,96
69,48;372,97
69,61;372,96
69,73;372,97
69,86;372,97
69,98;372,97
70,11;372,97
70,23;372,97
70,36;372,97
70,48;372,97
70,61;372,97
70,73;372,97
70,86;372,96
70,98;372,97
71,11;372,97
71,23;372,97
71,36;372,97
71,48;372,96
71,61;372,97
71,74;372,96
71,86;372,96
71,98;372,97
72,11;372,97
72,23;372,96
72,36;372,96
72,48;372,97
72,61;372,96
72,73;372,96
72,86;372,96
72,98;372,96
73,11;372,96
73,23;372,96
73,36;372,96
73,48;372,96
73,61;372,95
73,73;372,95
73,86;372,95
73,98;372,95
74,11;372,95
74,23;372,95
74,36;372,96
74,48;372,95
74,61;372,95
74,73;372,95
74,86;372,95
74,98;372,95
75,11;372,95
75,23;372,95
75,36;372,95
75,48;372,95
75,61;372,95
75,73;372,95
75,86;372,95
75,98;372,95
76,11;372,95
76,23;372,95
76,36;372,95
76,48;372,95
76,61;372,95
76,73;372,95
76,86;372,95
76,98;372,95
77,11;372,94
77,23;372,94
77,36;372,95
77,48;372,95
77,61;372,95
77,73;372,95
77,86;372,95
77,98;372,94
78,11;372,94
78,23;372,94
78,36;372,95
78,48;372,94
78,61;372,94
78,73;372,95
78,86;372,95
78,98;372,94
79,11;372,94
79,23;372,94
79,36;372,94
79,48;372,94
79,61;372,94
79,73;372,93
79,86;372,94
79,98;372,93
80,11;372,93
80,23;372,93
80,36;372,94
80,48;372,93
80,61;372,93
80,73;372,93
80,86;372,93
80,98;372,93
81,11;372,94
81,24;372,94
81,40;372,94
81,49;372,93
81,61;372,93
81,74;372,93
81,86;372,93
81,99;372,93
82,11;372,94
82,24;372,93
82,36;372,93
82,49;372,94
82,61;372,94
82,74;372,93
82,86;372,93
82,99;372,93
83,11;372,93
83,24;372,94
83,36;372,93
83,49;372,92
83,61;372,93
83,74;372,93
83,86;372,94
83,99;372,94
84,11;372,94
84,24;372,93
84,36;372,93
84,49;372,93
84,61;372,94
84,74;372,93
84,86;372,92
84,99;372,93
85,11;372,93
85,24;372,93
85,36;372,93
85,49;372,93
85,61;372,92
85,74;372,92
85,86;372,92
85,99;372,93
86,11;372,92
86,24;372,93
86,36;372,92
86,49;372,92
86,61;372,92
86,74;372,92
86,86;372,92
86,99;372,92
87,11;372,92
87,24;372,93
87,36;372,92
87,49;372,92
87,61;372,92
87,74;372,92
87,86;372,92
87,99;372,92
88,11;372,92
88,24;372,92
88,36;372,92
88,49;372,92
88,61;372,92
88,74;372,92
88,86;372,92
88,99;372,91
89,11;372,91
89,24;372,92
89,36;372,91
89,49;372,91
89,61;372,91
89,74;372,91
89,86;372,91
89,99;372,91
90,11;372,92
90,24;372,91
90,36;372,91
90,49;372,92
90,61;372,92
90,74;372,92
90,86;372,92
90,99;372,91
91,11;372,91
91,24;372,91
91,36;372,90
91,49;372,91
91,61;372,90
91,74;372,90
91,86;372,91
91,99;372,91
92,11;372,91
92,24;372,91
92,36;372,91
92,49;372,90
92,61;372,90
92,74;372,91
92,86;372,91
92,99;372,90
93,11;372,90
93,24;372,90
93,36;372,90
93,49;372,91
93,61;372,91
93,74;372,91
93,86;372,91
93,99;372,91
94,11;372,91
94,24;372,91
94,36;372,91
94,49;372,91
94,61;372,91
94,74;372,91
94,86;372,91
94,99;372,90
95,11;372,90
95,24;372,90
95,36;372,90
95,49;372,90
95,61;372,89
95,74;372,90
95,86;372,90
95,99;372,90
96,11;372,90
96,24;372,90
96,36;372,90
96,53;372,90
96,61;372,90
96,74;372,90
96,86;372,90
96,99;372,90
97,11;372,90
97,24;372,90
97,36;372,90
97,49;372,90
97,61;372,90
97,74;372,90
97,86;372,90
97,99;372,90
98,11;372,90
98,24;372,89
98,36;372,90
98,49;372,90
98,61;372,90
98,74;372,90
98,86;372,90
98,99;372,90
99,11;372,90
99,24;372,90
99,36;372,90
99,49;372,90
99,61;372,89
99,74;372,90
99,86;372,90
99,99;372,89
100,11;372,89
100,24;372,89
100,36;372,89
100,49;372,90
100,61;372,90
100,74;372,90
100,86;372,89
100,99;372,89
101,11;372,89
101,24;372,89
101,36;372,89
101,49;372,89
101,61;372,89
101,74;372,89
101,86;372,89
101,99;372,89
102,11;372,88
102,24;372,89
102,36;372,89
102,49;372,89
102,61;372,90
102,74;372,89
102,86;372,89
102,99;372,89
103,11;372,89
103,24;372,89
103,36;372,88
103,49;372,88
103,61;372,89
103,74;372,89
103,86;372,89
103,99;372,89
104,11;372,88
104,24;372,89
104,36;372,89
104,49;372,88
104,61;372,89
104,74;372,89
104,86;372,89
104,99;372,89
105,11;372,89
105,24;372,89
105,36;372,89
105,49;372,89
105,61;372,89
105,74;372,89
105,86;372,89
105,99;372,88
106,11;372,89
106,24;372,88
106,36;372,89
106,49;372,88
106,61;372,88
106,74;372,88
106,86;372,88
106,99;372,89
107,11;372,88
107,24;372,88
107,36;372,89
107,49;372,89
107,61;372,88
107,74;372,87
107,86;372,88
107,99;372,87
108,11;372,87
108,24;372,88
108,36;372,87
108,49;372,87
108,61;372,87
108,74;372,87
108,86;372,87
108,99;372,87
109,11;372,87
109,24;372,88
109,36;372,88
109,49;372,88
109,61;372,88
109,74;372,88
109,86;372,87
109,99;372,88
110,11;372,88
110,24;372,88
110,36;372,88
110,49;372,87
110,61;372,87
110,74;372,87
110,86;372,88
110,99;372,88
111,11;372,88
111,24;372,87
111,36;372,87
111,49;372,88
111,65;372,87
111,74;372,88
111,86;372,88
111,99;372,87
112,11;372,87
112,24;372,88
112,36;372,87
112,49;372,87
112,61;372,86
112,74;372,87
112,86;372,86
112,99;372,86
113,11;372,86
113,24;372,86
113,36;372,87
113,49;372,87
113,61;372,87
113,74;372,86
113,86;372,87
113,99;372,87
114,11;372,87
114,24;372,87
114,36;372,87
114,49;372,87
114,61;372,87
114,74;372,87
114,86;372,86
114,99;372,86
115,11;372,87
115,24;372,87
115,36;372,87
115,49;372,87
115,61;372,87
115,74;372,87
115,86;372,87
115,99;372,86
116,11;372,86
116,24;372,86
116,36;372,86
116,49;372,86
116,61;372,86
116,74;372,86
116,86;372,86
116,99;372,86
117,11;372,86
117,24;372,86
117,36;372,86
117,49;372,86
117,61;372,86
117,74;372,86
117,86;372,87
117,99;372,86
119,52;372,86
119,65;372,85
119,77;372,85
119,90;372,86
120,03;372,86
120,15;372,86
120,28;372,85
120,40;372,85
120,53;372,85
120,65;372,85
120,78;372,86
120,90;372,86
121,03;372,85
121,15;372,86
121,28;372,86
121,40;372,85
121,53;372,85
121,65;372,86
121,78;372,85
121,90;372,85
122,03;372,85
122,15;372,86
122,28;372,86
122,40;372,87
122,53;372,89
122,65;372,91
122,78;372,93
122,90;372,95
123,03;372,99
123,15;373,02
123,28;373,07
123,40;373,11
123,53;373,16
123,65;373,21
123,78;373,27
123,90;373,32
124,03;373,38
124,15;373,43
124,28;373,49
124,40;373,55
124,53;373,60
124,65;373,65
124,78;373,70
124,90;373,75
125,03;373,81
125,15;373,86
125,28;373,90
125,40;373,95
125,53;373,99
125,65;374,05
125,78;374,09
125,90;374,13
126,03;374,18
126,15;374,22
126,28;374,26
126,40;374,31
126,53;374,34
126,65;374,38
126,82;374,42
126,90;374,46
127,03;374,50
127,15;374,54
127,28;374,57
127,40;374,61
127,53;374,64
127,65;374,68
127,78;374,71
127,90;374,75
128,03;374,78
128,15;374,82
128,28;374,85
128,40;374,89
128,53;374,91
128,65;374,94
128,78;374,97
128,90;375,01
129,03;375,04
129,15;375,06
129,28;375,10
129,40;375,13
129,53;375,16
129,65;375,19
129,78;375,22
129,90;375,24
130,03;375,27
130,15;375,30
130,28;375,32
130,40;375,35
130,53;375,38
130,65;375,41
130,78;375,43
130,90;375,45
131,03;375,48
131,15;375,51
131,28;375,54
131,40;375,56
131,53;375,58
131,65;375,61
131,78;375,63
131,90;375,65
132,03;375,67
132,15;375,70
132,28;375,72
132,40;375,74
132,53;375,76
132,65;375,78
132,78;375,80
132,90;375,83
133,03;375,85
133,15;375,87
133,28;375,89
133,40;375,91
133,53;375,93
133,65;375,96
133,78;375,97
133,90;375,99
134,03;376,01
134,15;376,03
134,28;376,05
134,40;376,07
134,53;376,09
134,65;376,10
134,78;376,12
134,90;376,14
135,03;376,16
135,15;376,17
135,28;376,19
135,40;376,21
135,53;376,23
135,65;376,25
135,78;376,26
135,90;376,28
136,03;376,29
136,15;376,31
136,28;376,32
136,40;376,33
136,53;376,36
136,65;376,36
136,78;376,38
136,90;376,39
137,03;376,41
137,15;376,42
137,28;376,44
137,40;376,45
137,53;376,47
137,65;376,48
137,78;376,50
137,90;376,50
138,03;376,52
138,15;376,54
138,28;376,55
138,40;376,57
138,53;376,58
138,65;376,59
138,78;376,60
138,90;376,62
139,03;376,63
139,15;376,64
139,28;376,65
139,40;376,67
139,53;376,68
139,65;376,69
139,78;376,70
139,90;376,72
140,03;376,73
140,15;376,74
140,28;376,74
140,40;376,76
140,53;376,77
140,65;376,77
140,78;376,78
140,90;376,79
141,03;376,80
141,15;376,81
141,28;376,83
141,40;376,84
141,53;376,85
141,65;376,85
141,78;376,87
141,94;376,87
142,03;376,88
142,15;376,89
142,28;376,90
142,40;376,91
142,53;376,92
142,65;376,93
142,78;376,94
142,90;376,94
143,03;376,96
143,15;376,96
143,28;376,97
143,40;376,97
143,53;376,99
143,65;377,00
143,78;377,01
143,90;377,02
144,03;377,03
144,15;377,04
144,28;377,05
144,40;377,05
144,53;377,06
144,65;377,07
144,78;377,08
144,90;377,08
145,03;377,08
145,15;377,09
145,28;377,10
145,40;377,10
145,53;377,10
145,65;377,11
145,78;377,12
145,90;377,13
146,03;377,13
146,15;377,14
146,28;377,14
146,40;377,16
146,53;377,16
146,65;377,17
146,78;377,18
146,90;377,18
147,03;377,19
147,15;377,20
147,28;377,20
147,40;377,21
147,53;377,21
147,65;377,22
147,78;377,23
147,90;377,23
148,03;377,24
148,15;377,24
148,28;377,25
148,40;377,25
148,53;377,26
148,65;377,27
148,78;377,27
148,90;377,27
149,03;377,28
149,15;377,29
149,28;377,29
149,40;377,30
149,53;377,30
149,65;377,30
149,78;377,31
149,90;377,32
150,03;377,33
150,15;377,33
150,28;377,33
150,40;377,34
150,53;377,34
150,65;377,34
150,78;377,35
150,90;377,36
151,03;377,36
151,15;377,36
151,28;377,37
151,40;377,38
151,53;377,38
151,65;377,39
151,78;377,39
151,90;377,39
152,03;377,40
152,15;377,41
152,28;377,40
152,40;377,40
152,53;377,41
152,65;377,41
152,78;377,42
152,90;377,42
153,03;377,42
153,15;377,43
153,28;377,44
153,40;377,44
153,53;377,45
153,65;377,45
153,78;377,45
153,90;377,46
154,03;377,46
154,15;377,46
154,28;377,46
154,40;377,47
154,53;377,47
154,65;377,48
154,78;377,47
154,90;377,48
155,03;377,48
155,15;377,48
155,28;377,49
155,40;377,49
155,53;377,49
155,65;377,50
155,78;377,50
155,90;377,50
156,03;377,51
156,15;377,51
156,28;377,51
156,40;377,51
156,53;377,52
156,65;377,51
156,78;377,52
156,90;377,52
157,07;377,52
157,15;377,52
157,28;377,53
157,40;377,53
157,53;377,54
157,65;377,54
157,78;377,54
157,90;377,55
158,03;377,56
158,15;377,56
158,28;377,56
158,40;377,56
158,53;377,56
158,65;377,56
158,78;377,57
158,90;377,57
159,03;377,57
159,15;377,57
159,28;377,58
159,40;377,57
159,53;377,58
159,65;377,58
159,78;377,59
159,90;377,59
160,03;377,58
160,15;377,59
160,28;377,59
160,40;377,59
160,53;377,59
160,65;377,60
160,78;377,60
160,90;377,60
161,03;377,60
161,15;377,60
161,28;377,61
161,40;377,61
161,53;377,61
161,65;377,61
161,78;377,61
161,90;377,62
162,03;377,62
162,15;377,62
162,28;377,62
162,40;377,62
162,53;377,63
162,65;377,63
162,78;377,63
162,90;377,63
163,03;377,63
163,15;377,63
163,28;377,64
163,40;377,64
163,53;377,64
163,65;377,64
163,78;377,64
163,90;377,65
164,03;377,65
164,15;377,65
164,28;377,65
164,40;377,65
164,53;377,65
164,65;377,65
164,78;377,65
164,90;377,65
165,03;377,65
165,15;377,65
165,28;377,66
165,40;377,66
165,53;377,65
165,65;377,66
165,78;377,66
165,90;377,66
166,03;377,67
166,15;377,67
166,28;377,67
166,40;377,67
166,53;377,68
166,65;377,67
166,78;377,67
166,90;377,68
167,03;377,68
167,15;377,68
167,28;377,68
167,40;377,68
167,53;377,68
167,65;377,68
167,78;377,68
167,90;377,69
168,03;377,69
168,15;377,69
168,28;377,69
168,40;377,69
168,53;377,69
168,65;377,69
168,78;377,69
168,90;377,70
169,03;377,70
169,15;377,70
169,28;377,70
169,40;377,70
169,53;377,70
169,65;377,70
169,78;377,71
169,90;377,71
170,03;377,71
170,16;377,71
170,28;377,71
170,41;377,71
170,53;377,71
170,66;377,71
170,78;377,71
170,91;377,71
171,03;377,72
171,16;377,71
171,28;377,72
171,41;377,72
171,53;377,72
171,66;377,72
171,78;377,73
171,91;377,72
172,03;377,72
172,20;377,72
172,28;377,72
172,41;377,72
172,53;377,72
172,66;377,72
172,78;377,72
172,91;377,72
173,03;377,72
173,16;377,73
173,28;377,73
173,41;377,73
173,53;377,73
173,66;377,73
173,78;377,73
173,91;377,73
174,03;377,73
174,16;377,73
174,28;377,72
174,41;377,73
174,53;377,73
174,66;377,73
174,78;377,73
174,91;377,73
175,03;377,73
175,16;377,74
175,28;377,73
175,41;377,74
175,53;377,74
175,66;377,74
175,78;377,74
175,91;377,74
176,03;377,74
176,16;377,74
176,28;377,74
176,41;377,74
176,53;377,74
176,66;377,74
176,78;377,73
176,91;377,74
177,03;377,74
177,16;377,74
177,28;377,74
177,41;377,74
177,53;377,73
177,66;377,74
177,78;377,74
177,91;377,74
178,03;377,74
178,16;377,74
178,28;377,74
178,41;377,75
178,53;377,74
178,66;377,74
178,78;377,75
178,91;377,75
179,03;377,75
179,16;377,75
179,28;377,75
179,41;377,75
179,53;377,75
179,66;377,74
179,78;377,74
179,91;377,75
180,03;377,75
180,16;377,75
180,28;377,75
180,41;377,75
180,53;377,76
180,66;377,75
180,78;377,75
180,91;377,75
181,03;377,75
181,16;377,75
181,28;377,75
181,41;377,75
181,53;377,75
181,66;377,75
181,78;377,75
181,91;377,75
182,03;377,75
182,16;377,75
182,28;377,75
182,41;377,75
182,53;377,75
182,66;377,75
182,78;377,75
182,91;377,75
183,03;377,75
183,16;377,75
183,28;377,76
183,41;377,76
183,53;377,76
183,66;377,75
183,78;377,76
183,91;377,76
184,03;377,76
184,16;377,76
184,28;377,76
184,41;377,76
184,53;377,76
184,66;377,76
184,78;377,76
184,91;377,75
185,03;377,76
185,16;377,76
185,28;377,76
185,41;377,76
185,53;377,76
185,66;377,76
185,78;377,76
185,91;377,76
186,03;377,76
186,16;377,76
186,28;377,76
186,41;377,76
186,53;377,76
186,66;377,76
186,78;377,75
186,91;377,76
187,03;377,76
187,16;377,76
187,32;377,76
187,41;377,76
187,53;377,76
187,66;377,77
187,78;377,77
187,91;377,77
188,03;377,76
188,16;377,77
188,28;377,76
188,41;377,76
188,53;377,76
188,66;377,76
188,78;377,76
188,91;377,76
189,03;377,76
189,16;377,76
189,28;377,76
189,41;377,76
189,53;377,76
189,66;377,76
189,78;377,76
189,91;377,76
190,03;377,76
190,16;377,76
190,28;377,77
190,41;377,76
190,53;377,76
190,66;377,76
190,78;377,76
190,91;377,76
191,03;377,76
191,16;377,76
191,28;377,76
191,41;377,76
191,53;377,76
191,66;377,76
191,78;377,77
191,91;377,76
192,03;377,76
192,16;377,77
192,28;377,77
192,41;377,77
192,53;377,77
192,66;377,77
192,78;377,78
192,91;377,77
193,03;377,77
193,16;377,77
193,28;377,77
193,41;377,77
193,53;377,77
193,66;377,77
193,78;377,77
193,91;377,76
194,03;377,76
194,16;377,77
194,28;377,77
194,41;377,77
194,53;377,77
194,66;377,77
194,78;377,77
194,91;377,77
195,03;377,77
195,16;377,77
195,28;377,76
195,41;377,77
195,53;377,77
195,66;377,77
195,78;377,77
195,91;377,76
196,03;377,76
196,16;377,77
196,28;377,76
196,41;377,76
196,53;377,76
196,66;377,77
196,78;377,76
196,91;377,77
197,03;377,77
197,16;377,76
197,28;377,76
197,41;377,77
197,53;377,77
197,66;377,77
197,78;377,76
197,91;377,77
198,03;377,77
198,16;377,77
198,28;377,77
198,41;377,77
198,53;377,77
198,66;377,77
198,78;377,77
198,91;377,77
199,03;377,77
199,16;377,77
199,28;377,77
199,41;377,77
199,53;377,77
199,66;377,76
199,78;377,77
199,91;377,77
200,03;377,77
200,16;377,77
200,28;377,78
200,41;377,77
200,53;377,77
200,66;377,77
200,78;377,77
200,91;377,77
201,03;377,77
201,16;377,77
201,28;377,77
201,41;377,76
201,53;377,77
201,66;377,76
201,78;377,76
201,91;377,77
202,03;377,76
202,16;377,77
202,28;377,77
202,45;377,77
202,53;377,76
202,66;377,77
202,78;377,77
202,91;377,76
203,03;377,77
203,16;377,77
203,28;377,77
203,41;377,77
203,53;377,77
203,66;377,77
203,78;377,77
203,91;377,77
204,03;377,77
204,16;377,76
204,28;377,77
204,41;377,77
204,53;377,77
204,66;377,77
204,78;377,77
204,91;377,77
205,03;377,77
205,16;377,77
205,28;377,77
205,41;377,77
205,53;377,77
205,66;377,77
205,78;377,77
205,91;377,77
206,03;377,76
206,16;377,77
206,28;377,77
206,41;377,77
206,53;377,77
206,66;377,77
206,78;377,77
206,91;377,77
207,03;377,77
207,16;377,77
207,28;377,78
207,41;377,78
207,53;377,78
207,66;377,77
207,78;377,77
207,91;377,77
208,03;377,77
208,16;377,77
208,28;377,77
208,41;377,77
208,53;377,77
208,66;377,77
208,78;377,77
208,91;377,77
209,03;377,77
209,16;377,76
209,28;377,77
209,41;377,77
209,53;377,77
209,66;377,77
209,78;377,77
209,91;377,77
210,03;377,77
210,16;377,77
210,28;377,77
210,41;377,76
210,53;377,77
210,66;377,77
210,78;377,77
210,91;377,77
211,03;377,77
211,16;377,77
211,28;377,76
211,41;377,77
211,53;377,77
211,66;377,77
211,78;377,77
211,91;377,77
212,03;377,77
212,16;377,78
212,28;377,77
212,41;377,77
212,53;377,77
212,66;377,77
212,78;377,77
212,91;377,77
213,03;377,77
213,16;377,77
213,28;377,77
213,41;377,77
213,53;377,77
213,66;377,77
213,78;377,77
213,91;377,76
214,03;377,76
214,16;377,77
214,28;377,77
214,41;377,77
214,53;377,77
214,66;377,77
214,78;377,77
214,91;377,77
215,03;377,76
215,16;377,76
215,28;377,76
215,41;377,76
215,53;377,77
215,66;377,76
215,78;377,77
215,91;377,76
216,03;377,75
216,16;377,75
216,28;377,76
216,41;377,76
216,53;377,76
216,66;377,75
216,78;377,75
216,91;377,77
217,03;377,76
217,16;377,76
217,28;377,76
217,41;377,76
217,57;377,76
217,66;377,76
217,78;377,76
217,91;377,76
218,03;377,76
218,16;377,76
218,28;377,76
218,41;377,76
218,53;377,76
218,66;377,76
218,78;377,75
218,91;377,75
219,03;377,76
219,16;377,75
219,28;377,76
219,41;377,76
219,53;377,76
219,66;377,76
219,78;377,76
219,91;377,76
220,03;377,76
220,16;377,77
220,28;377,77
220,41;377,76
220,53;377,76
220,66;377,76
220,78;377,76
220,91;377,75
221,03;377,76
221,16;377,75
221,28;377,75
221,41;377,76
221,53;377,76
221,66;377,76
221,78;377,76
221,91;377,76
222,03;377,76
222,16;377,76
222,28;377,75
222,41;377,76
222,53;377,76
222,66;377,76
222,78;377,75
222,91;377,75
223,03;377,75
223,16;377,76
223,28;377,75
223,41;377,75
223,53;377,75
223,66;377,75
223,78;377,76
223,91;377,75
224,03;377,76
224,16;377,76
224,28;377,76
224,41;377,76
224,53;377,76
224,66;377,77
224,78;377,76
224,91;377,76
225,03;377,76
225,16;377,76
225,28;377,76
225,41;377,76
225,53;377,76
225,66;377,76
225,78;377,76
225,91;377,76
226,03;377,76
226,16;377,76
226,28;377,76
226,41;377,76
226,59;377,76
226,66;377,76
226,78;377,76
226,91;377,76
227,03;377,76
227,16;377,76
227,28;377,76
227,41;377,76
227,53;377,76
227,66;377,75
227,78;377,76
227,91;377,76
228,03;377,76
228,16;377,75
228,28;377,75
228,41;377,75
228,53;377,75
228,66;377,75
228,78;377,75
228,91;377,75
229,03;377,76
229,16;377,75
229,28;377,75
229,41;377,75
229,53;377,75
229,66;377,75
229,78;377,76
229,91;377,75
230,03;377,75
230,16;377,76
230,28;377,76
230,41;377,75
230,53;377,76
230,66;377,76
230,78;377,76
230,91;377,75
231,03;377,76
231,16;377,76
231,28;377,75
231,41;377,75
231,53;377,76
231,66;377,75
231,78;377,76
231,91;377,75
232,03;377,75
232,16;377,74
232,28;377,76
232,41;377,75
232,53;377,75
232,70;377,75
232,78;377,75
232,91;377,75
233,03;377,75
233,16;377,75
233,28;377,75
233,41;377,74
233,53;377,75
233,66;377,75
233,78;377,75
233,91;377,75
234,03;377,75
234,16;377,75
234,28;377,75
234,41;377,75
234,53;377,76
234,66;377,75
234,78;377,75
234,91;377,75
235,03;377,75
235,16;377,75
235,28;377,75
235,41;377,75
235,53;377,75
235,66;377,75
235,78;377,74
235,91;377,75
236,03;377,75
236,16;377,75
236,28;377,74
236,41;377,74
236,53;377,74
236,66;377,74
236,78;377,74
236,91;377,74
237,03;377,74
237,16;377,74
237,28;377,74
237,41;377,75
237,53;377,75
237,66;377,75
237,78;377,74
237,91;377,75
238,03;377,74
239,57;377,74
239,69;377,74
239,82;377,74
239,94;377,74
240,07;377,74
240,19;377,74
240,32;377,74
240,44;377,74
240,57;377,73
240,69;377,73
240,82;377,74
240,94;377,74
241,07;377,73
241,19;377,74
241,32;377,74
241,44;377,73
241,57;377,73
241,69;377,73
241,82;377,73
241,94;377,73
242,07;377,74
242,19;377,73
242,32;377,73
242,44;377,73
242,57;377,73
242,69;377,73
242,82;377,73
242,94;377,73
243,07;377,74
243,19;377,74
243,32;377,74
243,44;377,74
243,57;377,74
243,69;377,73
243,82;377,73
243,94;377,72
244,07;377,71
244,19;377,70
244,32;377,69
244,44;377,67
244,57;377,65
244,69;377,63
244,82;377,60
244,94;377,57
245,07;377,53
245,19;377,48
245,32;377,43
245,44;377,39
245,57;377,33
245,69;377,28
245,82;377,22
245,94;377,17
246,07;377,12
246,19;377,06
246,32;377,02
246,44;376,96
246,57;376,92
246,69;376,87
246,82;376,82
246,94;376,79
247,07;376,75
247,19;376,71
247,32;376,67
247,44;376,63
247,57;376,60
247,69;376,56
247,86;376,53
247,94;376,50
248,07;376,46
248,19;376,43
248,32;376,40
248,44;376,36
248,57;376,34
248,69;376,31
248,82;376,28
248,94;376,25
249,07;376,23
249,19;376,20
249,32;376,18
249,44;376,14
249,57;376,13
249,69;376,11
249,82;376,07
249,94;376,05
250,07;376,02
250,19;376,00
250,32;375,98
250,44;375,97
250,57;375,94
250,69;375,92
250,82;375,90
250,94;375,88
251,07;375,86
251,19;375,84
251,32;375,82
251,44;375,80
251,57;375,79
251,69;375,77
251,82;375,75
251,94;375,73
252,07;375,71
252,19;375,69
252,32;375,68
252,44;375,67
252,57;375,64
252,69;375,62
252,82;375,61
252,94;375,59
253,07;375,58
253,19;375,56
253,32;375,54
253,44;375,53
253,57;375,52
253,69;375,50
253,82;375,48
253,94;375,47
254,07;375,44
254,19;375,43
254,32;375,42
254,44;375,40
254,57;375,39
254,69;375,38
254,82;375,37
254,94;375,35
255,07;375,34
255,19;375,33
255,32;375,31
255,44;375,30
255,57;375,29
255,69;375,28
255,82;375,27
255,94;375,26
256,07;375,24
256,19;375,23
256,32;375,21
256,44;375,21
256,57;375,19
256,69;375,18
256,82;375,17
256,94;375,15
257,07;375,14
257,19;375,14
257,32;375,12
257,44;375,11
257,57;375,11
257,69;375,09
257,82;375,08
257,94;375,07
258,07;375,06
258,19;375,05
258,32;375,04
258,44;375,03
258,57;375,02
258,69;375,01
258,82;375,00
258,94;374,99
259,07;374,98
259,19;374,97
259,32;374,96
259,44;374,95
259,57;374,94
259,69;374,93
259,82;374,92
259,94;374,92
260,07;374,90
260,19;374,90
260,32;374,89
260,44;374,88
260,57;374,86
260,69;374,86
260,82;374,84
260,94;374,84
261,07;374,82
261,19;374,82
261,32;374,81
261,44;374,81
261,57;374,80
261,69;374,78
261,82;374,78
261,94;374,77
262,07;374,77
262,19;374,75
262,32;374,74
262,44;374,74
262,57;374,73
262,69;374,72
262,82;374,72
262,98;374,71
263,07;374,70
263,19;374,69
263,32;374,68
263,44;374,67
263,57;374,67
263,69;374,66
263,82;374,66
263,94;374,65
264,07;374,65
264,19;374,64
264,32;374,63
264,44;374,62
264,57;374,62
264,69;374,61
264,82;374,60
264,94;374,59
265,07;374,58
265,19;374,57
265,32;374,57
265,44;374,56
265,57;374,55
265,69;374,55
265,82;374,54
265,94;374,53
266,07;374,53
266,19;374,52
266,32;374,51
266,44;374,51
266,57;374,50
266,69;374,49
266,82;374,48
266,94;374,48
267,07;374,48
267,19;374,48
267,32;374,46
267,44;374,45
267,57;374,45
267,69;374,45
267,82;374,44
267,94;374,43
268,07;374,42
268,19;374,42
268,32;374,41
268,44;374,41
268,57;374,41
268,69;374,40
268,82;374,40
268,94;374,39
269,07;374,39
269,19;374,38
269,32;374,37
269,44;374,36
269,57;374,36
269,69;374,35
269,82;374,35
269,94;374,34
270,07;374,33
270,19;374,33
270,32;374,33
270,44;374,32
270,57;374,32
270,69;374,31
270,82;374,31
270,94;374,30
271,07;374,30
271,19;374,29
271,32;374,28
271,44;374,28
271,57;374,28
271,69;374,28
271,82;374,27
271,94;374,26
272,07;374,26
272,19;374,25
272,32;374,25
272,44;374,24
272,57;374,24
272,69;374,23
272,82;374,22
272,94;374,22
273,07;374,22
273,19;374,22
273,32;374,21
273,44;374,20
273,57;374,20
273,69;374,19
273,82;374,18
273,94;374,18
274,07;374,18
274,19;374,18
274,32;374,17
274,44;374,17
274,57;374,16
274,69;374,15
274,82;374,15
274,94;374,15
275,07;374,14
275,19;374,13
275,32;374,13
275,44;374,12
275,57;374,12
275,69;374,12
275,82;374,11
275,94;374,11
276,07;374,11
276,19;374,11
276,32;374,10
276,44;374,09
276,57;374,09
276,69;374,08
276,82;374,08
276,94;374,08
277,07;374,07
277,19;374,07
277,32;374,06
277,44;374,06
277,57;374,06
277,69;374,06
277,82;374,05
277,94;374,05
278,11;374,05
278,19;374,04
278,32;374,03
278,44;374,03
278,57;374,03
278,69;374,03
278,82;374,02
278,94;374,02
279,07;374,01
279,19;374,01
279,32;374,01
279,44;374,00
279,57;374,00
279,69;374,00
279,82;373,99
279,94;373,99
280,07;373,98
280,19;373,98
280,32;373,98
280,44;373,97
280,57;373,96
280,69;373,97
280,82;373,96
280,94;373,95
281,07;373,96
281,19;373,95
281,32;373,95
281,44;373,95
281,57;373,95
281,69;373,95
281,82;373,93
281,94;373,94
282,07;373,93
282,19;373,93
282,32;373,93
282,44;373,92
282,57;373,92
282,69;373,91
282,82;373,91
282,94;373,90
283,07;373,90
283,19;373,89
283,32;373,89
283,44;373,90
283,57;373,89
283,69;373,89
283,82;373,88
283,94;373,88
284,07;373,88
284,19;373,88
284,32;373,86
284,44;373,86
284,57;373,86
284,69;373,86
284,82;373,85
284,94;373,85
285,07;373,85
285,19;373,84
285,32;373,84
285,44;373,84
285,57;373,84
285,69;373,83
285,82;373,83
285,94;373,82
286,07;373,82
286,19;373,82
286,32;373,82
286,44;373,81
286,57;373,82
286,69;373,81
286,82;373,81
286,94;373,80
287,07;373,80
287,19;373,80
287,32;373,79
287,44;373,79
287,57;373,79
287,69;373,79
287,82;373,79
287,94;373,79
288,07;373,79
288,19;373,78
288,32;373,78
288,44;373,77
288,57;373,77
288,69;373,77
288,82;373,77
288,94;373,76
289,07;373,75
289,19;373,75
289,32;373,75
289,44;373,75
289,57;373,75
289,69;373,75
289,82;373,75
289,94;373,75
290,07;373,74
290,19;373,74
290,32;373,74
290,44;373,73
290,57;373,74
290,69;373,73
290,82;373,72
290,94;373,72
291,07;373,72
291,19;373,71
291,32;373,71
291,44;373,71
291,57;373,70
291,69;373,70
291,82;373,70
291,94;373,70
292,07;373,70
292,19;373,70
292,32;373,69
292,44;373,69
292,57;373,69
292,69;373,68
292,82;373,68
292,94;373,68
293,07;373,67
293,23;373,67
293,32;373,67
293,44;373,67
293,57;373,67
293,69;373,66
293,82;373,66
293,94;373,66
294,07;373,65
294,19;373,65
294,32;373,65
294,44;373,65
294,57;373,64
294,69;373,64
294,82;373,64
294,94;373,64
295,07;373,64
295,19;373,63
295,32;373,63
295,44;373,63
295,57;373,63
295,69;373,63
295,82;373,62
295,94;373,62
296,07;373,61
296,19;373,61
296,32;373,61
296,44;373,61
296,57;373,61
296,69;373,60
296,82;373,60
296,94;373,60
297,07;373,60
297,19;373,59
297,32;373,59
297,44;373,59
297,57;373,59
297,69;373,59
297,82;373,59
297,94;373,58
298,07;373,58
298,19;373,58
298,32;373,58
298,44;373,57
298,57;373,57
298,69;373,57
298,82;373,56
298,94;373,56
299,07;373,56
299,19;373,55
299,32;373,56
299,44;373,55
299,57;373,55
299,69;373,55
299,82;373,54
299,94;373,55
300,07;373,54
300,19;373,54
300,32;373,54
300,44;373,55
300,57;373,55
300,69;373,53
300,82;373,53
300,94;373,53
301,07;373,53
301,19;373,53
301,32;373,52
301,44;373,52
301,57;373,52
301,69;373,52
301,82;373,52
301,94;373,51
302,07;373,52
302,19;373,51
302,32;373,51
302,44;373,51
302,57;373,51
302,69;373,50
302,82;373,50
302,94;373,50
303,07;373,49
303,19;373,50
303,32;373,49
303,44;373,49
303,57;373,49
303,69;373,49
303,82;373,49
303,94;373,48
304,07;373,48
304,19;373,48
304,32;373,48
304,44;373,48
304,57;373,48
304,69;373,47
304,82;373,47
304,94;373,47
305,07;373,46
305,19;373,47
305,32;373,46
305,44;373,46
305,57;373,46
305,69;373,47
305,82;373,46
305,94;373,45
306,07;373,45
306,19;373,45
306,32;373,45
306,44;373,45
306,57;373,45
306,69;373,45
306,82;373,45
306,94;373,45
307,07;373,44
307,19;373,44
307,32;373,44
307,44;373,44
307,57;373,44
307,69;373,44
307,82;373,43
307,94;373,43
308,07;373,44
308,19;373,43
308,36;373,43
308,44;373,43
308,57;373,43
308,69;373,43
308,82;373,42
308,94;373,42
309,07;373,42
309,19;373,42
309,32;373,41
309,44;373,41
309,57;373,41
309,69;373,41
309,82;373,41
309,94;373,41
310,07;373,41
310,19;373,41
310,32;373,41
310,44;373,40
310,57;373,40
310,69;373,40
310,82;373,40
310,94;373,39
311,07;373,39
311,19;373,39
311,32;373,39
311,44;373,39
311,57;373,39
311,69;373,39
311,82;373,39
311,94;373,39
312,07;373,38
312,19;373,39
312,32;373,38
312,44;373,38
312,57;373,38
312,69;373,38
312,82;373,38
312,94;373,38
313,07;373,38
313,19;373,38
313,32;373,37
313,44;373,37
313,57;373,37
313,69;373,37
313,82;373,37
313,94;373,37
314,07;373,37
314,19;373,36
314,32;373,36
314,44;373,36
314,57;373,36
314,69;373,36
314,82;373,36
314,94;373,35
315,07;373,35
315,19;373,35
315,32;373,34
315,44;373,35
315,57;373,35
315,69;373,34
315,82;373,34
315,94;373,34
316,07;373,34
316,19;373,34
316,32;373,34
316,44;373,34
316,57;373,34
316,69;373,34
316,82;373,34
316,94;373,33
317,07;373,33
317,19;373,33
317,32;373,33
317,44;373,33
317,57;373,32
317,69;373,32
317,82;373,32
317,94;373,32
318,07;373,32
318,19;373,32
318,32;373,32
318,44;373,31
318,57;373,31
318,69;373,32
318,82;373,31
318,94;373,32
319,07;373,30
319,19;373,31
319,32;373,29
319,44;373,30
319,57;373,30
319,69;373,30
319,82;373,30
319,94;373,29
320,07;373,29
320,19;373,29
320,32;373,29
320,44;373,29
320,57;373,29
320,69;373,28
320,82;373,29
320,94;373,29
321,07;373,29
321,19;373,29
321,32;373,29
321,44;373,28
321,57;373,28
321,69;373,28
321,82;373,28
321,94;373,27
322,07;373,27
322,19;373,27
322,32;373,27
322,44;373,27
322,57;373,27
322,69;373,27
322,82;373,27
322,94;373,27
323,07;373,27
323,19;373,26
323,32;373,26
323,48;373,26
323,57;373,26
323,69;373,26
323,82;373,26
323,94;373,26
324,07;373,26
324,19;373,26
324,32;373,26
324,44;373,26
324,57;373,25
324,69;373,26
324,82;373,25
324,94;373,25
325,07;373,25
325,19;373,25
325,32;373,25
325,44;373,24
325,57;373,24
325,69;373,24
325,82;373,24
325,94;373,23
326,07;373,24
326,19;373,24
326,32;373,24
326,44;373,23
326,57;373,23
326,69;373,23
326,82;373,23
326,94;373,23
327,07;373,23
327,19;373,23
327,32;373,22
327,44;373,22
327,57;373,22
327,69;373,23
327,82;373,22
327,94;373,22
328,07;373,22
328,19;373,22
328,32;373,22
328,44;373,22
328,57;373,22
328,69;373,22
328,82;373,22
328,94;373,22
329,07;373,21
329,19;373,22
329,32;373,21
329,44;373,21
329,57;373,21
329,69;373,21
329,82;373,21
329,94;373,21
330,07;373,21
330,19;373,20
330,32;373,21
330,44;373,20
330,57;373,20
330,69;373,21
330,82;373,20
330,94;373,21
331,07;373,20
331,19;373,20
331,32;373,19
331,44;373,20
331,57;373,20
331,69;373,20
331,82;373,20
331,94;373,19
332,07;373,20
332,19;373,19
332,32;373,19
332,44;373,19
332,57;373,18
332,69;373,18
332,82;373,18
332,94;373,18
333,07;373,18
333,19;373,18
333,32;373,18
333,44;373,19
333,57;373,18
333,69;373,18
333,82;373,18
333,94;373,18
334,07;373,18
334,19;373,18
334,32;373,18
334,44;373,17
334,57;373,17
334,69;373,18
334,82;373,18
334,94;373,18
335,07;373,17
335,19;373,17
335,32;373,17
335,44;373,17
335,57;373,17
335,69;373,17
335,82;373,17
335,94;373,17
336,07;373,16
336,19;373,16
336,32;373,17
336,44;373,16
336,57;373,16
336,69;373,16
336,82;373,16
336,94;373,16
337,07;373,16
337,19;373,16
337,32;373,16
337,44;373,16
337,57;373,16
337,69;373,16
337,82;373,16
337,94;373,16
338,07;373,16
338,19;373,15
338,32;373,15
338,44;373,15
338,61;373,15
338,69;373,15
338,82;373,15
338,94;373,15
339,07;373,15
339,19;373,14
339,32;373,14
339,44;373,14
339,57;373,14
339,69;373,14
339,82;373,13
339,94;373,14
340,07;373,14
340,19;373,14
340,32;373,14
340,44;373,14
340,57;373,13
340,69;373,13
340,82;373,13
340,94;373,13
341,07;373,14
341,19;373,13
341,32;373,13
341,44;373,13
341,57;373,13
341,69;373,13
341,82;373,13
341,94;373,12
342,07;373,13
342,19;373,12
342,32;373,12
342,44;373,12
342,57;373,11
342,69;373,12
342,82;373,12
342,94;373,11
343,07;373,12
343,19;373,11
343,32;373,11
343,44;373,11
343,57;373,11
343,69;373,11
343,82;373,11
343,94;373,11
344,07;373,11
344,19;373,11
344,32;373,11
344,44;373,10
344,57;373,11
344,69;373,10
344,82;373,10
344,94;373,09
345,07;373,10
345,19;373,10
345,32;373,10
345,44;373,10
345,57;373,10
345,69;373,10
345,82;373,10
345,94;373,09
346,07;373,10
346,19;373,09
346,32;373,09
346,44;373,09
346,57;373,10
346,69;373,09
346,82;373,09
346,94;373,09
347,07;373,09
347,19;373,09
347,32;373,09
347,44;373,09
347,57;373,09
347,69;373,09
347,82;373,08
347,94;373,08
348,07;373,09
348,19;373,09
348,32;373,08
348,44;373,08
348,57;373,08
348,69;373,08
348,82;373,08
348,94;373,08
349,07;373,08
349,19;373,08
349,32;373,08
349,44;373,08
349,57;373,08
349,69;373,08
349,82;373,08
349,94;373,08
350,07;373,08
350,19;373,08
350,32;373,08
350,44;373,07
350,57;373,08
350,69;373,07
350,82;373,07
350,94;373,06
351,07;373,06
351,19;373,06
351,32;373,06
351,44;373,07
351,57;373,06
351,69;373,07
351,82;373,06
351,94;373,06
352,07;373,06
352,19;373,06
352,32;373,06
352,44;373,07
352,57;373,07
352,69;373,07
352,82;373,07
352,94;373,06
353,07;373,06
353,19;373,06
353,32;373,06
353,44;373,07
353,57;373,06
353,73;373,06
353,82;373,06
353,94;373,06
354,07;373,06
354,19;373,07
354,32;373,06
354,44;373,05
354,57;373,06
354,69;373,06
354,82;373,05
354,94;373,05
355,07;373,05
355,19;373,05
355,32;373,05
355,44;373,05
355,57;373,04
355,69;373,04
355,82;373,05
355,94;373,04
356,07;373,04
356,19;373,04
356,32;373,05
356,44;373,05
356,57;373,05
356,69;373,05
356,82;373,05
356,94;373,05
357,07;373,04
357,19;373,04
357,32;373,04
357,44;373,05
357,57;373,03
357,69;373,03
357,82;373,03
357,94;373,04
359,48;373,03
359,60;373,03
359,73;373,03
359,86;373,03
359,98;373,02
360,11;373,02
360,23;373,02
360,36;373,02
360,48;373,03
360,61;373,02
360,73;373,02
360,86;373,02
360,98;373,01
361,11;373,01
361,23;373,02
361,36;373,01
361,48;373,01
361,61;373,01
361,73;373,01
361,86;373,01
361,98;373,01
362,11;373,02
362,23;373,02
362,36;373,03
362,48;373,05
362,61;373,06
362,73;373,08
362,86;373,11
362,98;373,14
363,11;373,17
363,23;373,22
363,36;373,27
363,48;373,32
363,61;373,36
363,73;373,42
363,86;373,48
363,98;373,53
364,11;373,59
364,23;373,64
364,36;373,70
364,48;373,76
364,61;373,81
364,73;373,87
364,86;373,92
364,98;373,98
365,11;374,03
365,23;374,08
365,36;374,13
365,48;374,17
365,61;374,22
365,73;374,27
365,86;374,31
365,98;374,35
366,11;374,40
366,23;374,44
366,36;374,48
366,48;374,52
366,61;374,57
366,73;374,61
366,86;374,65
366,98;374,69
367,11;374,73
367,23;374,77
367,36;374,81
367,48;374,84
367,61;374,88
367,73;374,92
367,86;374,95
367,98;374,99
368,11;375,02
368,23;375,05
368,36;375,09
368,48;375,12
368,61;375,15
368,73;375,19
368,90;375,22
368,98;375,25
369,11;375,28
369,23;375,32
369,36;375,34
369,48;375,37
369,61;375,41
369,73;375,43
369,86;375,46
369,98;375,49
370,11;375,52
370,23;375,55
370,36;375,57
370,48;375,60
370,61;375,62
370,73;375,64
370,86;375,68
370,98;375,70
371,11;375,73
371,23;375,74
371,36;375,77
371,48;375,80
371,61;375,82
371,73;375,85
371,86;375,87
371,98;375,89
372,11;375,92
372,23;375,94
372,36;375,95
372,48;375,98
372,61;376,00
372,73;376,02
372,86;376,04
372,98;376,07
373,11;376,08
373,23;376,11
373,36;376,14
373,48;376,14
373,61;376,17
373,73;376,19
373,86;376,21
373,98;376,22
374,11;376,24
374,23;376,26
374,36;376,27
374,48;376,28
374,61;376,30
374,73;376,32
374,86;376,34
374,98;376,35
375,11;376,37
375,23;376,38
375,36;376,41
375,48;376,42
375,61;376,43
375,73;376,45
375,86;376,46
375,98;376,48
376,11;376,50
376,23;376,51
376,36;376,53
376,48;376,54
376,61;376,56
376,73;376,57
376,86;376,58
376,98;376,59
377,11;376,60
377,23;376,62
377,36;376,64
377,48;376,65
377,61;376,67
377,73;376,68
377,86;376,69
377,98;376,70
378,11;376,72
378,23;376,72
378,36;376,73
378,48;376,75
378,61;376,76
378,73;376,77
378,86;376,78
378,98;376,79
379,11;376,80
379,23;376,81
379,36;376,83
379,48;376,83
379,61;376,84
379,73;376,85
379,86;376,86
379,98;376,87
380,11;376,88
380,23;376,90
380,36;376,90
380,48;376,91
380,61;376,92
380,73;376,93
380,86;376,93
380,98;376,94
381,11;376,95
381,23;376,96
381,36;376,98
381,48;376,98
381,61;376,99
381,73;377,00
381,86;377,01
381,98;377,01
382,11;377,02
382,23;377,03
382,36;377,04
382,48;377,04
382,61;377,06
382,73;377,06
382,86;377,07
382,98;377,08
383,11;377,08
383,23;377,09
383,36;377,10
383,48;377,11
383,61;377,11
383,73;377,12
383,86;377,13
384,02;377,14
384,11;377,14
384,23;377,15
384,36;377,16
384,48;377,16
384,61;377,17
384,73;377,17
384,86;377,18
384,98;377,18
385,11;377,19
385,23;377,20
385,36;377,21
385,48;377,21
385,61;377,22
385,73;377,22
385,86;377,23
385,98;377,24
386,11;377,24
386,23;377,25
386,36;377,24
386,48;377,26
386,61;377,26
386,73;377,26
386,86;377,27
386,98;377,27
387,11;377,28
387,23;377,29
387,36;377,29
387,48;377,29
387,61;377,30
387,73;377,31
387,86;377,31
387,98;377,32
388,11;377,32
388,23;377,33
388,36;377,33
388,48;377,34
388,61;377,34
388,73;377,35
388,86;377,35
388,98;377,36
389,11;377,36
389,23;377,36
389,36;377,37
389,48;377,37
389,61;377,38
389,73;377,38
389,86;377,39
389,98;377,39
390,11;377,39
390,23;377,40
390,36;377,40
390,48;377,40
390,61;377,41
390,73;377,41
390,86;377,41
390,98;377,42
391,11;377,42
391,23;377,42
391,36;377,43
391,48;377,43
391,61;377,43
391,73;377,44
391,86;377,44
391,98;377,44
392,11;377,45
392,23;377,46
392,36;377,46
392,48;377,46
392,61;377,45
392,73;377,46
392,86;377,46
392,98;377,46
393,11;377,47
393,23;377,47
393,36;377,47
393,48;377,47
393,61;377,47
393,73;377,48
393,86;377,48
393,98;377,48
394,11;377,50
394,23;377,50
394,36;377,50
394,48;377,50
394,61;377,50
394,73;377,51
394,86;377,51
394,98;377,51
395,11;377,51
395,23;377,51
395,36;377,51
395,48;377,52
395,61;377,52
395,73;377,53
395,86;377,53
395,98;377,53
396,11;377,53
396,23;377,53
396,36;377,54
396,48;377,54
396,61;377,53
396,73;377,54
396,86;377,54
396,98;377,54
397,11;377,54
397,23;377,55
397,36;377,54
397,48;377,55
397,61;377,56
397,73;377,56
397,86;377,56
397,98;377,56
398,11;377,56
398,23;377,57
398,36;377,57
398,48;377,57
398,61;377,56
398,73;377,57
398,86;377,57
398,98;377,57
399,15;377,57
399,23;377,57
399,36;377,58
399,48;377,58
399,61;377,59
399,73;377,59
399,86;377,59
399,98;377,59
400,11;377,59
400,23;377,60
400,36;377,60
400,48;377,60
400,61;377,60
400,73;377,60
400,86;377,60
400,98;377,61
401,11;377,61
401,23;377,61
401,36;377,61
401,48;377,61
401,61;377,62
401,73;377,61
401,86;377,62
401,98;377,62
402,11;377,62
402,23;377,63
402,36;377,63
402,48;377,63
402,61;377,63
402,73;377,62
402,86;377,63
402,98;377,63
403,11;377,63
403,23;377,63
403,36;377,63
403,48;377,63
403,61;377,63
403,73;377,63
403,86;377,63
403,98;377,63
404,11;377,64
404,23;377,64
404,36;377,64
404,48;377,63
404,61;377,64
404,73;377,64
404,86;377,65
404,98;377,64
405,11;377,65
405,23;377,65
405,36;377,65
405,48;377,66
405,61;377,65
405,73;377,65
405,86;377,66
405,98;377,66
406,11;377,65
406,23;377,65
406,36;377,65
406,48;377,66
406,61;377,66
406,73;377,66
406,86;377,66
406,98;377,66
407,11;377,66
407,23;377,65
407,36;377,66
407,48;377,66
407,61;377,66
407,73;377,66
407,86;377,66
407,98;377,66
408,11;377,66
408,23;377,66
408,36;377,66
408,48;377,67
408,61;377,67
408,73;377,67
408,86;377,67
408,98;377,68
409,11;377,67
409,23;377,67
409,36;377,67
409,48;377,67
409,61;377,68
409,73;377,68
409,86;377,68
409,98;377,68
410,11;377,68
410,23;377,68
410,36;377,68
410,48;377,68
410,61;377,69
410,73;377,69
410,86;377,69
410,98;377,69
411,11;377,69
411,23;377,68
411,36;377,68
411,48;377,68
411,61;377,68
411,73;377,69
411,86;377,69
411,98;377,69
412,11;377,68
412,23;377,69
412,36;377,69
412,48;377,69
412,61;377,68
412,73;377,69
412,86;377,69
412,98;377,69
413,11;377,69
413,23;377,69
413,36;377,68
413,48;377,69
413,61;377,68
413,73;377,70
413,86;377,69
413,98;377,69
414,11;377,69
414,27;377,69
414,36;377,69
414,48;377,69
414,61;377,69
414,73;377,70
414,86;377,69
414,98;377,70
415,11;377,69
415,23;377,70
415,36;377,70
415,48;377,70
415,61;377,69
415,73;377,70
415,86;377,69
415,98;377,69
416,11;377,70
416,23;377,70
416,36;377,69
416,48;377,70
416,61;377,69
416,73;377,70
416,86;377,70
416,98;377,70
417,11;377,70
417,23;377,70
417,36;377,70
417,48;377,70
417,61;377,70
417,73;377,70
417,86;377,70
417,98;377,70
418,11;377,70
418,23;377,70
418,36;377,70
418,48;377,70
418,61;377,71
418,73;377,71
418,86;377,70
418,98;377,71
419,11;377,71
419,23;377,71
419,36;377,71
419,48;377,71
419,61;377,72
419,73;377,71
419,86;377,71
419,98;377,72
420,11;377,71
420,23;377,71
420,36;377,71
420,48;377,71
420,61;377,71
420,73;377,71
420,86;377,71
420,98;377,71
421,11;377,71
421,23;377,71
421,36;377,71
421,48;377,72
421,61;377,72
421,73;377,72
421,86;377,71
421,98;377,71
422,11;377,71
422,23;377,71
422,36;377,71
422,48;377,71
422,61;377,71
422,73;377,71
422,86;377,71
422,98;377,72
423,11;377,71
423,23;377,71
423,36;377,71
423,48;377,71
423,61;377,71
423,73;377,71
423,86;377,72
423,98;377,71
424,11;377,71
424,23;377,71
424,36;377,71
424,48;377,71
424,61;377,71
424,73;377,71
424,86;377,71
424,98;377,71
425,11;377,71
425,23;377,71
425,36;377,71
425,48;377,71
425,61;377,71
425,73;377,71
425,86;377,71
425,98;377,71
426,11;377,71
426,23;377,71
426,36;377,71
426,48;377,71
426,61;377,71
426,73;377,71
426,86;377,70
426,98;377,72
427,11;377,71
427,23;377,71
427,36;377,72
427,48;377,72
427,61;377,72
427,73;377,72
427,86;377,72
427,98;377,72
428,11;377,72
428,23;377,71
428,36;377,71
428,48;377,71
428,61;377,71
428,73;377,71
428,86;377,71
428,98;377,70
429,11;377,70
429,23;377,71
429,40;377,71
429,48;377,72
429,61;377,71
429,73;377,72
429,86;377,72
429,98;377,72
430,11;377,72
430,23;377,72
430,36;377,72
430,48;377,72
430,61;377,72
430,73;377,72
430,86;377,72
430,98;377,72
431,11;377,72
431,23;377,72
431,36;377,72
431,48;377,72
431,61;377,71
431,73;377,72
431,86;377,72
431,98;377,72
432,11;377,72
432,23;377,72
432,36;377,72
432,48;377,72
432,61;377,72
432,73;377,72
432,86;377,72
432,98;377,71
433,11;377,72
433,23;377,71
433,36;377,71
433,48;377,72
433,61;377,72
433,73;377,72
433,86;377,72
433,98;377,71
434,11;377,72
434,23;377,71
434,36;377,71
434,48;377,72
434,61;377,72
434,73;377,71
434,86;377,72
434,98;377,71
435,11;377,72
435,23;377,71
435,36;377,71
435,48;377,71
435,61;377,72
435,73;377,72
435,86;377,72
435,98;377,72
436,11;377,72
436,23;377,72
436,36;377,71
436,48;377,71
436,61;377,71
436,73;377,72
436,86;377,72
436,98;377,72
437,11;377,72
437,23;377,72
437,36;377,72
437,48;377,71
437,61;377,72
437,73;377,72
437,86;377,71
437,98;377,72
438,11;377,72
438,23;377,72
438,36;377,71
438,48;377,72
438,61;377,72
438,73;377,72
438,86;377,72
438,98;377,72
439,11;377,72
439,23;377,71
439,36;377,71
439,48;377,71
439,61;377,71
439,73;377,72
439,86;377,72
439,98;377,71
440,11;377,72
440,23;377,72
440,36;377,71
440,48;377,71
440,61;377,71
440,73;377,71
440,86;377,72
440,98;377,72
441,11;377,72
441,23;377,71
441,36;377,72
441,48;377,72
441,61;377,71
441,73;377,72
441,86;377,72
441,98;377,72
442,11;377,72
442,23;377,72
442,36;377,72
442,48;377,72
442,61;377,72
442,73;377,72
442,86;377,72
442,98;377,72
443,11;377,72
443,23;377,73
443,36;377,72
443,48;377,72
443,61;377,72
443,73;377,72
443,86;377,72
443,98;377,72
444,11;377,72
444,23;377,71
444,36;377,71
444,52;377,71
444,61;377,71
444,73;377,71
444,86;377,71
444,98;377,71
445,11;377,71
445,23;377,71
445,36;377,72
445,48;377,72
445,61;377,71
445,73;377,71
445,86;377,71
445,98;377,71
446,11;377,71
446,23;377,71
446,36;377,71
446,48;377,71
446,61;377,71
446,73;377,72
446,86;377,71
446,98;377,71
447,11;377,71
447,23;377,72
447,36;377,72
447,48;377,71
447,61;377,71
447,73;377,72
447,86;377,71
447,98;377,71
448,11;377,71
448,23;377,72
448,36;377,71
448,48;377,71
448,61;377,71
448,73;377,71
448,86;377,70
448,98;377,71
449,11;377,71
449,23;377,71
449,36;377,71
449,48;377,71
449,61;377,71
449,73;377,71
449,86;377,71
449,98;377,71
450,11;377,71
450,23;377,71
450,36;377,71
450,48;377,71
450,61;377,71
450,73;377,70
450,86;377,70
450,98;377,70
451,11;377,71
451,23;377,71
451,36;377,71
451,48;377,72
451,61;377,72
451,73;377,71
451,86;377,71
451,98;377,72
452,11;377,71
452,23;377,71
452,36;377,72
452,48;377,72
452,61;377,71
452,73;377,71
452,86;377,70
452,98;377,71
453,11;377,71
453,23;377,71
453,36;377,71
453,48;377,71
453,61;377,71
453,73;377,70
453,86;377,70
453,98;377,71
454,11;377,71
454,23;377,71
454,36;377,70
454,48;377,71
454,61;377,70
454,73;377,71
454,86;377,71
454,98;377,70
455,11;377,71
455,23;377,71
455,36;377,70
455,48;377,71
455,61;377,70
455,73;377,70
455,86;377,70
455,98;377,71
456,11;377,70
456,23;377,70
456,36;377,70
456,48;377,70
456,61;377,70
456,73;377,70
456,86;377,70
456,98;377,70
457,11;377,70
457,23;377,70
457,36;377,70
457,48;377,70
457,61;377,70
457,73;377,70
457,86;377,70
457,98;377,70
458,11;377,70
458,23;377,71
458,36;377,70
458,48;377,70
458,61;377,70
458,73;377,70
458,86;377,70
458,98;377,69
459,11;377,70
459,23;377,70
459,36;377,70
459,48;377,70
459,65;377,70
459,73;377,70
459,86;377,70
459,98;377,70
460,11;377,70
460,23;377,71
460,36;377,70
460,48;377,70
460,61;377,70
460,73;377,70
460,86;377,70
460,98;377,70
461,11;377,71
461,23;377,71
461,36;377,71
461,48;377,70
461,61;377,70
461,73;377,70
461,86;377,70
461,98;377,71
462,11;377,70
462,23;377,71
462,36;377,70
462,48;377,70
462,61;377,70
462,73;377,70
462,86;377,70
462,98;377,70
463,11;377,70
463,23;377,70
463,36;377,70
463,48;377,70
463,61;377,70
463,73;377,70
463,86;377,70
463,98;377,70
464,11;377,70
464,23;377,70
464,36;377,69
464,48;377,70
464,61;377,70
464,73;377,70
464,86;377,70
464,98;377,70
465,11;377,71
465,23;377,70
465,36;377,70
465,48;377,70
465,61;377,69
465,73;377,70
465,86;377,70
465,98;377,70
466,11;377,70
466,23;377,69
466,36;377,70
466,48;377,70
466,61;377,70
466,73;377,70
466,86;377,70
466,98;377,70
467,11;377,70
467,23;377,70
467,36;377,70
467,48;377,70
467,61;377,70
467,73;377,70
467,86;377,70
467,98;377,70
468,11;377,70
468,23;377,70
468,36;377,69
468,48;377,70
468,61;377,69
468,73;377,69
468,86;377,70
468,98;377,69
469,11;377,69
469,23;377,69
469,36;377,69
469,48;377,70
469,61;377,70
469,73;377,70
469,86;377,69
469,98;377,69
470,11;377,70
470,23;377,70
470,36;377,69
470,48;377,69
470,61;377,69
470,73;377,69
470,86;377,70
470,98;377,70
471,11;377,70
471,23;377,71
471,36;377,71
471,48;377,70
471,61;377,70
471,73;377,70
471,86;377,69
471,98;377,69
472,11;377,70
472,23;377,70
472,36;377,69
472,48;377,70
472,61;377,69
472,73;377,70
472,86;377,70
472,98;377,70
473,11;377,70
473,23;377,70
473,36;377,70
473,48;377,71
473,61;377,70
473,73;377,69
473,86;377,70
473,98;377,70
474,11;377,70
474,23;377,70
474,36;377,70
474,48;377,69
474,61;377,69
474,77;377,70
474,86;377,69
474,98;377,69
475,11;377,70
475,23;377,70
475,36;377,69
475,48;377,70
475,61;377,70
475,73;377,69
475,86;377,69
475,98;377,69
476,11;377,69
476,23;377,69
476,36;377,69
476,48;377,69
476,61;377,69
476,73;377,70
476,86;377,69
476,98;377,70
477,11;377,70
477,23;377,70
477,36;377,70
477,48;377,69
477,61;377,69
477,73;377,69
477,86;377,69
477,98;377,69
479,52;377,69
479,65;377,69
479,77;377,69
479,90;377,69
480,02;377,69
480,15;377,69
480,27;377,69
480,40;377,69
480,52;377,69
480,65;377,69
480,77;377,69
480,90;377,69
481,02;377,68
481,15;377,69
481,27;377,69
481,40;377,69
481,52;377,69
481,65;377,69
481,77;377,69
481,90;377,68
482,02;377,69
482,15;377,68
482,27;377,67
482,40;377,68
482,52;377,68
482,65;377,69
482,77;377,68
482,90;377,69
483,02;377,69
483,15;377,68
483,27;377,68
483,40;377,68
483,52;377,69
483,65;377,68
483,77;377,67
483,90;377,67
484,02;377,66
484,15;377,65
484,27;377,64
484,40;377,62
484,52;377,60
484,65;377,58
484,77;377,55
484,90;377,51
485,02;377,47
485,15;377,42
485,27;377,38
485,40;377,33
485,52;377,28
485,65;377,22
485,77;377,16
485,90;377,11
486,02;377,06
486,15;377,01
486,27;376,97
486,40;376,92
486,52;376,87
486,65;376,82
486,77;376,78
486,90;376,74
487,02;376,69
487,15;376,65
487,27;376,62
487,40;376,58
487,52;376,54
487,65;376,50
487,77;376,47
487,90;376,43
488,02;376,40
488,15;376,36
488,27;376,34
488,40;376,30
488,52;376,27
488,65;376,24
488,77;376,22
488,90;376,19
489,02;376,16
489,15;376,13
489,27;376,11
489,40;376,08
489,52;376,06
489,65;376,03
489,77;376,01
489,94;375,98
490,03;375,96
490,15;375,94
490,28;375,92
490,40;375,89
490,53;375,88
490,65;375,86
490,78;375,83
490,90;375,81
491,03;375,79
491,15;375,77
491,28;375,75
491,40;375,74
491,53;375,71
491,65;375,69
491,78;375,68
491,90;375,66
492,03;375,64
492,15;375,62
492,28;375,61
492,40;375,59
492,53;375,57
492,65;375,56
492,78;375,54
492,90;375,52
493,03;375,51
493,15;375,49
493,28;375,47
493,40;375,45
493,53;375,44
493,65;375,42
493,78;375,41
493,90;375,39
494,03;375,38
494,15;375,36
494,28;375,35
494,40;375,34
494,53;375,32
494,65;375,31
494,78;375,30
494,90;375,28
495,03;375,27
495,15;375,26
495,28;375,25
495,40;375,23
495,53;375,22
495,65;375,20
495,78;375,18
495,90;375,17
496,03;375,16
496,15;375,15
496,28;375,14
496,40;375,13
496,53;375,11
496,65;375,10
496,78;375,10
496,90;375,08
497,03;375,07
497,15;375,06
497,28;375,05
497,40;375,03
497,53;375,02
497,65;375,01
497,78;375,00
497,90;374,98
498,03;374,98
498,15;374,97
498,28;374,97
498,40;374,95
498,53;374,94
498,65;374,93
498,78;374,92
498,90;374,91
499,03;374,90
499,15;374,88
499,28;374,88
499,40;374,87
499,53;374,86
499,65;374,85
499,78;374,84
499,90;374,83
500,03;374,82
500,15;374,82
500,28;374,81
500,40;374,80
500,53;374,79
500,65;374,78
500,78;374,77
500,90;374,76
501,03;374,75
501,15;374,74
501,28;374,74
501,40;374,72
501,53;374,72
501,65;374,70
501,78;374,70
501,90;374,69
502,03;374,68
502,15;374,67
502,28;374,67
502,40;374,66
502,53;374,65
502,65;374,64
502,78;374,64
502,90;374,63
503,03;374,62
503,15;374,62
503,28;374,61
503,40;374,60
503,53;374,60
503,65;374,59
503,78;374,57
503,90;374,56
504,03;374,56
504,15;374,55
504,28;374,55
504,40;374,53
504,53;374,53
504,65;374,52
504,78;374,52
504,90;374,51
505,07;374,50
505,15;374,49
505,28;374,49
505,40;374,48
505,53;374,47
505,65;374,47
505,78;374,46
505,90;374,45
506,03;374,45
506,15;374,43
506,28;374,43
506,40;374,42
506,53;374,42
506,65;374,41
506,78;374,40
506,90;374,39
507,03;374,39
507,15;374,38
507,28;374,38
507,40;374,37
507,53;374,37
507,65;374,37
507,78;374,36
507,90;374,35
508,03;374,35
508,15;374,34
508,28;374,34
508,40;374,33
508,53;374,32
508,65;374,32
508,78;374,32
508,90;374,31
509,03;374,30
509,15;374,29
509,28;374,29
509,40;374,27
509,53;374,27
509,65;374,27
509,78;374,27
509,90;374,25
510,03;374,25
510,15;374,25
510,28;374,24
510,40;374,24
510,53;374,23
510,65;374,23
510,78;374,22
510,90;374,21
511,03;374,21
511,15;374,21
511,28;374,20
511,40;374,20
511,53;374,19
511,65;374,18
511,78;374,18
511,90;374,17
512,03;374,17
512,15;374,16
512,28;374,15
512,40;374,15
512,53;374,15
512,65;374,14
512,78;374,14
512,90;374,13
513,03;374,13
513,15;374,12
513,28;374,11
513,40;374,11
513,53;374,11
513,65;374,10
513,78;374,10
513,90;374,09
514,03;374,08
514,15;374,08
514,28;374,08
514,40;374,07
514,53;374,07
514,65;374,07
514,78;374,06
514,90;374,06
515,03;374,05
515,15;374,04
515,28;374,04
515,40;374,04
515,53;374,03
515,65;374,02
515,78;374,02
515,90;374,01
516,03;374,01
516,15;374,01
516,28;374,00
516,40;374,01
516,53;374,00
516,65;374,00
516,78;373,99
516,90;373,98
517,03;373,98
517,15;373,97
517,28;373,97
517,40;373,96
517,53;373,96
517,65;373,95
517,78;373,95
517,90;373,95
518,03;373,94
518,15;373,94
518,28;373,94
518,40;373,94
518,53;373,93
518,65;373,93
518,78;373,93
518,90;373,92
519,03;373,92
519,15;373,91
519,28;373,91
519,40;373,90
519,53;373,90
519,65;373,90
519,78;373,90
519,90;373,90
520,03;373,89
520,19;373,89
520,28;373,88
520,40;373,88
520,53;373,88
520,65;373,87
520,78;373,86
520,90;373,86
521,03;373,86
521,15;373,85
521,28;373,85
521,40;373,85
521,53;373,84
521,65;373,84
521,78;373,84
521,90;373,84
522,03;373,84
522,15;373,83
522,28;373,82
522,40;373,82
522,53;373,82
522,65;373,82
522,78;373,81
522,90;373,81
523,03;373,81
523,15;373,80
523,28;373,80
523,40;373,80
523,53;373,80
523,65;373,79
523,78;373,78
523,90;373,78
524,03;373,78
524,15;373,78
524,28;373,78
524,40;373,77
524,53;373,77
524,65;373,76
524,78;373,76
524,90;373,76
525,03;373,75
525,15;373,76
525,28;373,75
525,40;373,75
525,53;373,74
525,65;373,74
525,78;373,74
525,90;373,73
526,03;373,73
526,15;373,73
526,28;373,72
526,40;373,72
526,53;373,72
526,65;373,71
526,78;373,71
526,90;373,70
527,03;373,70
527,15;373,70
527,28;373,70
527,40;373,70
527,53;373,70
527,65;373,70
527,78;373,70
527,90;373,69
528,03;373,69
528,15;373,69
528,28;373,69
528,40;373,69
528,53;373,68
528,65;373,68
528,78;373,68
528,90;373,67
529,03;373,66
529,15;373,66
529,28;373,66
529,40;373,66
529,53;373,66
529,65;373,65
529,78;373,64
529,90;373,64
530,03;373,64
530,15;373,64
530,28;373,64
530,40;373,63
530,53;373,63
530,65;373,63
530,78;373,63
530,90;373,63
531,03;373,62
531,15;373,62
531,28;373,62
531,40;373,62
531,53;373,61
531,65;373,61
531,78;373,60
531,90;373,61
532,03;373,61
532,15;373,60
532,28;373,60
532,40;373,60
532,53;373,60
532,65;373,59
532,78;373,59
532,90;373,58
533,03;373,58
533,15;373,58
533,28;373,57
533,40;373,58
533,53;373,57
533,65;373,57
533,78;373,57
533,90;373,57
534,03;373,57
534,15;373,57
534,28;373,57
534,40;373,57
534,53;373,57
534,65;373,56
534,78;373,56
534,90;373,55
535,03;373,55
535,15;373,55
535,32;373,54
535,40;373,54
535,53;373,54
535,65;373,54
535,78;373,54
535,90;373,54
536,03;373,54
536,15;373,53
536,28;373,53
536,40;373,53
536,53;373,52
536,65;373,52
536,78;373,52
536,90;373,51
537,03;373,52
537,15;373,51
537,28;373,51
537,40;373,50
537,53;373,50
537,65;373,50
537,78;373,50
537,90;373,49
538,03;373,50
538,15;373,49
538,28;373,49
538,40;373,48
538,53;373,49
538,65;373,49
538,78;373,48
538,90;373,48
539,03;373,48
539,15;373,48
539,28;373,47
539,40;373,46
539,53;373,46
539,65;373,46
539,78;373,46
539,90;373,46
540,03;373,45
540,15;373,46
540,28;373,45
540,40;373,45
540,53;373,45
540,65;373,45
540,78;373,44
540,90;373,45
541,03;373,44
541,15;373,44
541,28;373,43
541,40;373,43
541,53;373,43
541,65;373,43
541,78;373,43
541,90;373,43
542,03;373,42
542,15;373,43
542,28;373,43
542,40;373,42
542,53;373,42
542,65;373,41
542,78;373,42
542,96;373,41
543,03;373,41
543,15;373,41
543,28;373,41
543,40;373,40
543,53;373,40
543,65;373,40
543,78;373,40
543,90;373,40
544,03;373,40
544,15;373,40
544,28;373,40
544,40;373,39
544,53;373,39
544,65;373,39
544,78;373,39
544,90;373,39
545,03;373,38
545,15;373,38
545,28;373,38
545,40;373,38
545,53;373,37
545,65;373,37
545,78;373,37
545,90;373,37
546,03;373,36
546,15;373,36
546,28;373,36
546,40;373,36
546,53;373,35
546,65;373,35
546,78;373,35
546,90;373,35
547,03;373,34
547,15;373,34
547,28;373,34
547,40;373,34
547,53;373,34
547,65;373,34
547,78;373,34
547,90;373,34
548,03;373,33
548,15;373,33
548,28;373,33
548,40;373,33
548,53;373,33
548,65;373,33
548,78;373,33
548,90;373,33
549,03;373,33
549,15;373,33
549,28;373,32
549,40;373,32
549,53;373,32
549,65;373,32
549,78;373,32
549,90;373,32
550,03;373,32
550,15;373,32
550,28;373,32
550,44;373,31
550,53;373,31
550,65;373,31
550,78;373,30
550,90;373,31
551,03;373,31
551,15;373,30
551,28;373,31
551,40;373,30
551,53;373,29
551,65;373,30
551,78;373,29
551,90;373,30
552,03;373,29
552,15;373,29
552,28;373,29
552,40;373,29
552,53;373,28
552,65;373,28
552,78;373,28
552,90;373,28
553,03;373,27
553,15;373,28
553,28;373,27
553,40;373,27
553,53;373,27
553,65;373,28
553,78;373,28
553,90;373,26
554,03;373,27
554,15;373,26
554,28;373,26
554,40;373,26
554,53;373,26
554,65;373,26
554,78;373,26
554,90;373,26
555,03;373,26
555,15;373,25
555,28;373,25
555,40;373,25
555,53;373,25
555,65;373,25
555,78;373,25
555,90;373,25
556,03;373,25
556,15;373,25
556,28;373,24
556,40;373,24
556,53;373,24
556,65;373,24
556,78;373,24
556,90;373,24
557,03;373,24
557,15;373,23
557,28;373,24
557,40;373,23
557,53;373,23
557,65;373,23
557,78;373,23
557,90;373,22
558,03;373,23
558,15;373,22
558,28;373,22
558,40;373,23
558,53;373,23
558,65;373,22
558,78;373,22
558,90;373,22
559,03;373,22
559,15;373,22
559,28;373,21
559,40;373,21
559,53;373,21
559,65;373,21
559,78;373,21
559,90;373,21
560,03;373,21
560,15;373,21
560,28;373,20
560,40;373,20
560,53;373,20
560,65;373,21
560,78;373,21
560,90;373,20
561,03;373,20
561,15;373,20
561,28;373,20
561,40;373,20
561,53;373,20
561,65;373,19
561,78;373,19
561,90;373,19
562,03;373,19
562,15;373,19
562,28;373,18
562,40;373,19
562,53;373,19
562,65;373,19
562,78;373,19
562,90;373,19
563,03;373,18
563,15;373,18
563,28;373,18
563,40;373,18
563,53;373,18
563,65;373,17
563,78;373,17
563,90;373,17
564,03;373,17
564,15;373,17
564,28;373,17
564,40;373,17
564,53;373,17
564,65;373,17
564,78;373,17
564,90;373,17
565,03;373,17
565,15;373,17
565,28;373,16
565,40;373,17
565,57;373,16
565,65;373,16
565,78;373,16
565,90;373,16
566,03;373,16
566,15;373,16
566,28;373,16
566,40;373,16
566,53;373,16
566,65;373,16
566,78;373,15
566,90;373,15
567,03;373,15
567,15;373,15
567,28;373,15
567,40;373,14
567,53;373,14
567,65;373,14
567,78;373,14
567,90;373,14
568,03;373,14
568,15;373,13
568,28;373,13
568,40;373,14
568,53;373,13
568,65;373,13
568,78;373,13
568,90;373,13
569,03;373,13
569,15;373,13
569,28;373,13
569,40;373,13
569,53;373,13
569,65;373,13
569,78;373,13
569,90;373,12
570,03;373,12
570,15;373,12
570,28;373,12
570,40;373,13
570,53;373,12
570,65;373,13
570,78;373,13
570,90;373,13
571,03;373,12
571,15;373,12
571,28;373,12
571,40;373,12
571,53;373,12
571,65;373,12
571,78;373,12
571,90;373,11
572,03;373,12
572,15;373,12
572,28;373,11
572,40;373,11
572,53;373,11
572,65;373,10
572,78;373,10
572,90;373,10
573,03;373,11
573,15;373,11
573,28;373,10
573,40;373,10
573,53;373,10
573,65;373,10
573,78;373,09
573,90;373,09
574,03;373,10
574,15;373,09
574,28;373,09
574,40;373,09
574,53;373,09
574,65;373,09
574,78;373,08
574,90;373,09
575,03;373,08
575,15;373,09
575,28;373,09
575,40;373,08
575,53;373,08
575,65;373,09
575,78;373,09
575,90;373,09
576,03;373,08
576,15;373,08
576,28;373,08
576,40;373,08
576,53;373,08
576,65;373,08
576,78;373,08
576,90;373,08
577,03;373,08
577,15;373,07
577,28;373,07
577,40;373,07
577,53;373,07
577,65;373,07
577,78;373,06
577,90;373,07
578,03;373,06
578,15;373,06
578,28;373,06
578,40;373,05
578,53;373,06
578,65;373,05
578,78;373,06
578,90;373,05
579,03;373,06
579,15;373,06
579,28;373,06
579,40;373,05
579,53;373,06
579,65;373,06
579,78;373,05
579,90;373,05
580,03;373,05
580,15;373,05
580,28;373,05
580,40;373,05
580,53;373,06
580,69;373,06
580,78;373,05
580,90;373,04
581,03;373,05
581,15;373,05
581,28;373,05
581,40;373,05
581,53;373,05
581,65;373,05
581,78;373,04
581,90;373,04
582,03;373,04
582,15;373,03
582,28;373,04
582,40;373,04
582,53;373,04
582,65;373,04
582,78;373,04
582,90;373,03
583,03;373,04
583,15;373,04
583,28;373,04
583,40;373,04
583,53;373,03
583,65;373,04
583,78;373,03
583,90;373,03
584,03;373,04
584,15;373,03
584,28;373,03
584,40;373,03
584,53;373,03
584,65;373,03
584,78;373,03
584,90;373,03
585,03;373,02
585,15;373,02
585,28;373,03
585,40;373,03
585,53;373,02
585,65;373,03
585,78;373,01
585,90;373,02
586,03;373,02
586,15;373,01
586,28;373,02
586,40;373,02
586,53;373,01
586,65;373,01
586,78;373,01
586,90;373,01
587,03;373,01
587,15;373,01
587,28;373,01
587,40;373,01
587,53;373,01
587,65;373,01
587,78;373,00
587,90;373,00
588,03;372,99
588,15;373,00
588,28;373,00
588,40;373,00
588,53;373,00
588,65;373,00
588,78;373,00
588,90;372,99
589,03;373,00
589,15;373,00
589,28;373,00
589,40;373,00
589,53;372,99
589,65;372,99
589,78;373,00
589,90;373,00
590,03;373,00
590,15;372,99
590,28;373,00
590,40;372,99
590,53;372,99
590,65;372,99
590,78;372,99
590,90;373,00
591,03;372,99
591,15;372,99
591,28;372,99
591,40;372,99
591,53;372,99
591,65;372,99
591,78;372,99
591,90;372,99
592,03;372,99
592,15;372,99
592,28;372,98
592,41;372,99
592,53;372,99
592,65;372,99
592,78;372,99
592,90;372,98
593,03;372,98
593,15;372,98
593,28;372,98
593,40;372,98
593,53;372,99
593,65;372,98
593,78;372,98
593,90;372,98
594,03;372,98
594,15;372,98
594,28;372,98
594,40;372,98
594,53;372,98
594,65;372,97
594,78;372,97
594,90;372,98
595,03;372,98
595,15;372,97
595,28;372,97
595,40;372,97
595,53;372,97
595,65;372,97
595,82;372,97
595,90;372,96
596,03;372,97
596,15;372,97
596,28;372,97
596,40;372,97
596,53;372,96
596,65;372,97
596,78;372,97
596,90;372,97
597,03;372,96
597,15;372,96
597,28;372,96
597,40;372,96
597,53;372,97
597,65;372,96
597,78;372,96
597,90;372,96
598,03;372,97
599,57;372,95
599,69;372,95
599,82;372,95
599,94;372,94
600,07;372,95
600,19;372,95
600,32;372,94
600,44;372,95
600,57;372,94
600,69;372,94
600,82;372,94
600,94;372,94
601,07;372,94
601,19;372,94
601,32;372,95
601,44;372,94
601,57;372,94
601,69;372,94
601,82;372,94
601,94;372,94
602,07;372,95
602,19;372,94
602,32;372,95
602,44;372,96
602,57;372,97
602,69;372,99
602,82;373,01
602,94;373,03
603,07;373,06
603,19;373,10
603,32;373,14
603,44;373,20
603,57;373,25
603,69;373,31
603,82;373,36
603,94;373,42
604,07;373,48
604,19;373,52
604,32;373,58
604,44;373,64
604,57;373,70
604,69;373,75
604,82;373,81
604,94;373,87
605,07;373,92
605,19;373,97
605,32;374,02
605,44;374,07
605,57;374,12
605,69;374,17
605,82;374,22
605,94;374,26
606,07;374,30
606,19;374,35
606,32;374,40
606,44;374,44
606,57;374,48
606,69;374,52
606,82;374,56
606,94;374,60
607,07;374,64
607,19;374,68
607,32;374,72
607,44;374,76
607,57;374,80
607,69;374,83
607,82;374,87
607,94;374,92
608,07;374,94
608,19;374,98
608,32;375,02
608,44;375,06
608,57;375,08
608,69;375,12
608,82;375,15
608,94;375,19
609,07;375,22
609,19;375,25
609,32;375,28
609,44;375,31
609,57;375,34
609,69;375,38
609,82;375,40
609,94;375,43
610,07;375,46
610,19;375,49
610,32;375,51
610,44;375,54
610,57;375,56
610,69;375,59
610,82;375,62
610,98;375,64
611,07;375,68
611,19;375,70
611,32;375,73
611,44;375,75
611,57;375,77
611,69;375,79
611,82;375,82
611,94;375,85
612,07;375,87
612,19;375,89
612,32;375,91
612,44;375,94
612,57;375,96
612,69;375,98
612,82;375,99
612,94;376,02
613,07;376,03
613,19;376,06
613,32;376,07
613,44;376,10
613,57;376,12
613,69;376,13
613,82;376,15
613,94;376,18
614,07;376,19
614,19;376,22
614,32;376,23
614,44;376,25
614,57;376,27
614,69;376,29
614,82;376,30
614,94;376,31
615,07;376,33
615,19;376,35
615,32;376,37
615,44;376,38
615,57;376,40
615,69;376,42
615,82;376,44
615,94;376,45
616,07;376,46
616,19;376,48
616,32;376,49
616,44;376,51
616,57;376,51
616,69;376,53
616,82;376,55
616,94;376,56
617,07;376,58
617,19;376,59
617,32;376,60
617,44;376,62
617,57;376,63
617,69;376,65
617,82;376,67
617,94;376,67
618,07;376,69
618,19;376,69
618,32;376,71
618,44;376,71
618,57;376,73
618,69;376,74
618,82;376,75
618,94;376,77
619,07;376,77
619,19;376,79
619,32;376,79
619,44;376,81
619,57;376,82
619,69;376,82
619,82;376,84
619,94;376,84
620,07;376,86
620,19;376,87
620,32;376,88
620,44;376,88
620,57;376,90
620,69;376,91
620,82;376,92
620,94;376,93
621,07;376,94
621,19;376,95
621,32;376,95
621,44;376,96
621,57;376,97
621,69;376,97
621,82;376,99
621,94;376,99
622,07;376,99
622,19;377,01
622,32;377,02
622,44;377,03
622,57;377,03
622,69;377,04
622,82;377,05
622,94;377,06
623,07;377,07
623,19;377,08
623,32;377,08
623,44;377,09
623,57;377,10
623,69;377,10
623,82;377,11
623,94;377,12
624,07;377,13
624,19;377,14
624,32;377,14
624,44;377,14
624,57;377,15
624,69;377,16
624,82;377,16
624,94;377,17
625,07;377,17
625,19;377,18
625,32;377,19
625,44;377,19
625,57;377,20
625,69;377,21
625,82;377,21
625,94;377,21
626,11;377,22
626,19;377,22
626,32;377,24
626,44;377,23
626,57;377,24
626,69;377,25
626,82;377,25
626,94;377,26
627,07;377,27
627,19;377,27
627,32;377,27
627,44;377,28
627,57;377,28
627,69;377,28
627,82;377,29
627,94;377,29
628,07;377,29
628,19;377,30
628,32;377,30
628,44;377,31
628,57;377,32
628,69;377,32
628,82;377,33
628,94;377,33
629,07;377,34
629,19;377,35
629,32;377,35
629,44;377,35
629,57;377,35
629,69;377,36
629,82;377,36
629,94;377,36
630,07;377,37
630,19;377,36
630,32;377,37
630,44;377,37
630,57;377,38
630,69;377,38
630,82;377,38
630,94;377,39
631,07;377,39
631,19;377,40
631,32;377,40
631,44;377,41
631,57;377,41
631,69;377,41
631,82;377,41
631,94;377,42
632,07;377,42
632,19;377,42
632,32;377,43
632,44;377,43
632,57;377,43
632,69;377,44
632,82;377,44
632,94;377,44
633,07;377,44
633,19;377,45
633,32;377,45
633,44;377,45
633,57;377,45
633,69;377,45
633,82;377,46
633,94;377,46
634,07;377,46
634,19;377,46
634,32;377,47
634,44;377,47
634,57;377,47
634,69;377,48
634,82;377,48
634,94;377,48
635,07;377,48
635,19;377,49
635,32;377,49
635,44;377,50
635,57;377,50
635,69;377,50
635,82;377,50
635,94;377,50
636,07;377,50
636,19;377,51
636,32;377,51
636,44;377,51
636,57;377,51
636,69;377,51
636,82;377,52
636,94;377,52
637,07;377,52
637,19;377,52
637,32;377,53
637,44;377,53
637,57;377,53
637,69;377,53
637,82;377,53
637,94;377,54
638,07;377,54
638,19;377,54
638,32;377,54
638,44;377,54
638,57;377,54
638,69;377,55
638,82;377,55
638,94;377,55
639,07;377,56
639,19;377,55
639,32;377,55
639,44;377,55
639,57;377,56
639,69;377,56
639,82;377,56
639,94;377,56
640,07;377,57
640,19;377,57
640,32;377,56
640,44;377,57
640,57;377,57
640,69;377,57
640,82;377,56
640,94;377,57
641,07;377,58
641,23;377,57
641,32;377,57
641,44;377,57
641,57;377,58
641,69;377,58
641,82;377,58
641,94;377,58
642,07;377,58
642,19;377,58
642,32;377,59
642,44;377,58
642,57;377,58
642,69;377,59
642,82;377,59
642,94;377,60
643,07;377,60
643,19;377,60
643,32;377,60
643,44;377,60
643,57;377,60
643,69;377,60
643,82;377,60
643,94;377,60
644,07;377,61
644,19;377,60
644,32;377,61
644,44;377,61
644,57;377,61
644,69;377,62
644,82;377,61
644,94;377,62
645,07;377,61
645,19;377,61
645,32;377,61
645,44;377,62
645,57;377,61
645,69;377,62
645,82;377,61
645,94;377,62
646,07;377,62
646,19;377,62
646,32;377,62
646,44;377,62
646,57;377,62
646,69;377,62
646,82;377,62
646,94;377,62
647,07;377,62
647,19;377,62
647,32;377,63
647,44;377,63
647,57;377,63
647,69;377,63
647,82;377,63
647,94;377,63
648,07;377,63
648,19;377,64
648,32;377,64
648,44;377,63
648,57;377,63
648,69;377,63
648,82;377,63
648,94;377,63
649,07;377,64
649,19;377,64
649,32;377,64
649,44;377,65
649,57;377,65
649,69;377,64
649,82;377,64
649,94;377,64
650,07;377,65
650,19;377,65
650,32;377,65
650,44;377,65
650,57;377,66
650,69;377,65
650,82;377,66
650,94;377,65
651,07;377,65
651,19;377,65
651,32;377,65
651,44;377,65
651,57;377,65
651,69;377,66
651,82;377,66
651,94;377,65
652,07;377,66
652,19;377,66
652,32;377,66
652,44;377,65
652,57;377,66
652,69;377,66
652,82;377,66
652,94;377,66
653,07;377,66
653,19;377,66
653,32;377,66
653,44;377,66
653,57;377,66
653,69;377,66
653,82;377,65
653,94;377,66
654,07;377,66
654,19;377,66
654,32;377,67
654,44;377,66
654,57;377,66
654,69;377,67
654,82;377,66
654,94;377,66
655,07;377,66
655,19;377,66
655,32;377,66
655,44;377,66
655,57;377,66
655,69;377,66
655,82;377,67
655,94;377,67
656,07;377,67
656,19;377,67
656,36;377,67
656,44;377,67
656,57;377,67
656,69;377,67
656,82;377,68
656,94;377,67
657,07;377,67
657,19;377,67
657,32;377,67
657,44;377,67
657,57;377,67
657,69;377,67
657,82;377,67
657,94;377,68
658,07;377,67
658,19;377,67
658,32;377,68
658,44;377,67
658,57;377,68
658,69;377,67
658,82;377,67
658,94;377,68
659,07;377,67
659,19;377,68
659,32;377,67
659,44;377,68
659,57;377,68
659,69;377,68
659,82;377,68
659,94;377,68
660,07;377,68
660,19;377,67
660,32;377,68
660,44;377,68
660,57;377,68
660,69;377,68
660,82;377,68
660,94;377,68
661,07;377,69
661,19;377,68
661,32;377,68
661,44;377,68
661,57;377,68
661,69;377,68
661,82;377,68
661,94;377,67
662,07;377,67
662,19;377,67
662,32;377,68
662,44;377,69
662,57;377,68
662,69;377,69
662,82;377,69
662,94;377,68
663,07;377,69
663,19;377,68
663,32;377,69
663,44;377,69
663,57;377,69
663,69;377,68
663,82;377,69
663,94;377,69
664,07;377,69
664,19;377,69
664,32;377,69
664,44;377,69
664,57;377,69
664,69;377,68
664,82;377,69
664,94;377,69
665,07;377,68
665,19;377,69
665,32;377,68
665,44;377,69
665,57;377,69
665,69;377,68
665,82;377,68
665,94;377,69
666,07;377,68
666,19;377,69
666,32;377,69
666,44;377,68
666,57;377,68
666,69;377,69
666,82;377,69
666,94;377,69
667,07;377,69
667,19;377,69
667,32;377,69
667,44;377,70
667,57;377,69
667,69;377,69
667,82;377,69
667,94;377,69
668,07;377,69
668,19;377,69
668,32;377,69
668,44;377,69
668,57;377,69
668,69;377,69
668,82;377,69
668,94;377,69
669,07;377,69
669,19;377,70
669,32;377,70
669,44;377,69
669,57;377,69
669,69;377,69
669,82;377,69
669,94;377,69
670,07;377,69
670,19;377,69
670,32;377,69
670,44;377,69
670,57;377,69
670,69;377,69
670,82;377,69
670,94;377,69
671,07;377,69
671,19;377,69
671,32;377,69
671,48;377,69
671,57;377,69
671,69;377,68
671,82;377,69
671,94;377,69
672,07;377,69
672,19;377,69
672,32;377,69
672,44;377,68
672,57;377,68
672,69;377,68
672,82;377,69
672,94;377,69
673,07;377,69
673,19;377,69
673,32;377,69
673,44;377,69
673,57;377,69
673,69;377,68
673,82;377,69
673,94;377,69
674,07;377,68
674,19;377,69
674,32;377,69
674,44;377,69
674,57;377,68
674,69;377,68
674,82;377,69
674,94;377,69
675,07;377,69
675,19;377,68
675,32;377,68
675,44;377,69
675,57;377,69
675,69;377,68
675,82;377,68
675,94;377,69
676,07;377,69
676,19;377,69
676,32;377,68
676,44;377,68
676,57;377,69
676,69;377,69
676,82;377,69
676,94;377,69
677,07;377,69
677,19;377,68
677,32;377,69
677,44;377,69
677,57;377,69
677,69;377,69
677,82;377,70
677,94;377,69
678,07;377,69
678,19;377,69
678,32;377,69
678,44;377,69
678,57;377,68
678,69;377,69
678,82;377,69
678,94;377,69
679,07;377,69
679,19;377,69
679,32;377,69
679,44;377,69
679,57;377,69
679,69;377,68
679,82;377,69
679,94;377,68
680,07;377,68
680,19;377,69
680,32;377,69
680,44;377,69
680,57;377,69
680,69;377,68
680,82;377,69
680,94;377,68
681,07;377,68
681,19;377,69
681,32;377,69
681,44;377,69
681,57;377,68
681,69;377,68
681,82;377,68
681,94;377,69
682,07;377,68
682,19;377,68
682,32;377,69
682,44;377,68
682,57;377,68
682,69;377,68
682,82;377,68
682,94;377,69
683,07;377,69
683,19;377,69
683,32;377,68
683,44;377,68
683,57;377,68
683,69;377,68
683,82;377,68
683,94;377,68
684,07;377,68
684,19;377,69
684,32;377,68
684,44;377,68
684,57;377,68
684,69;377,69
684,82;377,68
684,94;377,68
685,07;377,68
685,19;377,68
685,32;377,68
685,44;377,68
685,57;377,68
685,69;377,68
685,82;377,68
685,94;377,68
686,07;377,68
686,19;377,68
686,32;377,69
686,44;377,68
686,61;377,67
686,69;377,68
686,82;377,68
686,94;377,68
687,07;377,68
687,19;377,68
687,32;377,68
687,44;377,68
687,57;377,68
687,69;377,68
687,82;377,68
687,94;377,69
688,07;377,68
688,19;377,69
688,32;377,68
688,44;377,68
688,57;377,68
688,69;377,69
688,82;377,69
688,94;377,68
689,07;377,69
689,19;377,69
689,32;377,68
689,44;377,68
689,57;377,68
689,69;377,68
689,82;377,68
689,94;377,69
690,07;377,69
690,19;377,68
690,32;377,68
690,44;377,68
690,57;377,68
690,69;377,68
690,82;377,67
690,94;377,68
691,07;377,67
691,19;377,67
691,32;377,68
691,44;377,68
691,57;377,67
691,69;377,67
691,82;377,68
691,94;377,68
692,07;377,68
692,19;377,68
692,32;377,68
692,44;377,68
692,57;377,68
692,69;377,67
692,82;377,68
692,94;377,68
693,07;377,68
693,19;377,67
693,32;377,67
693,44;377,67
693,57;377,68
693,69;377,67
693,82;377,68
693,94;377,68
694,07;377,68
694,19;377,68
694,32;377,68
694,44;377,68
694,57;377,68
694,69;377,68
694,82;377,68
694,94;377,68
695,07;377,68
695,19;377,68
695,32;377,68
695,44;377,68
695,57;377,67
695,69;377,67
695,82;377,67
695,94;377,67
696,07;377,68
696,19;377,67
696,32;377,67
696,44;377,67
696,57;377,67
696,69;377,67
696,82;377,66
696,94;377,67
697,07;377,67
697,19;377,67
697,32;377,68
697,44;377,67
697,57;377,67
697,69;377,67
697,82;377,67
697,94;377,67
698,07;377,66
698,19;377,67
698,32;377,67
698,44;377,67
698,57;377,67
698,69;377,67
698,82;377,68
698,94;377,67
699,07;377,68
699,19;377,67
699,32;377,67
699,44;377,68
699,57;377,68
699,69;377,68
699,82;377,68
699,94;377,68
700,07;377,68
700,19;377,68
700,32;377,68
700,44;377,68
700,57;377,68
700,69;377,67
700,82;377,68
700,94;377,67
701,07;377,68
701,19;377,67
701,32;377,67
701,44;377,68
701,57;377,68
701,73;377,68
701,82;377,68
701,94;377,68
702,07;377,68
702,19;377,67
702,32;377,68
702,44;377,68
702,57;377,68
702,69;377,67
702,82;377,68
702,94;377,68
703,07;377,68
703,19;377,67
703,32;377,68
703,44;377,68
703,57;377,68
703,69;377,67
703,82;377,68
703,94;377,68
704,07;377,68
704,19;377,68
704,32;377,68
704,44;377,67
704,57;377,67
704,69;377,67
704,82;377,67
704,94;377,67
705,07;377,67
705,19;377,67
705,32;377,67
705,44;377,67
705,57;377,68
705,69;377,67
705,82;377,67
705,94;377,67
706,07;377,67
706,19;377,67
706,32;377,67
706,44;377,67
706,57;377,67
706,69;377,67
706,82;377,68
706,94;377,66
707,07;377,67
707,19;377,67
707,32;377,67
707,44;377,67
707,57;377,67
707,69;377,67
707,82;377,67
707,94;377,67
708,07;377,67
708,19;377,67
708,32;377,67
708,44;377,67
708,57;377,67
708,69;377,66
708,82;377,67
708,94;377,66
709,07;377,66
709,19;377,66
709,32;377,67
709,44;377,66
709,57;377,66
709,69;377,67
709,82;377,66
709,94;377,67
710,07;377,67
710,19;377,66
710,32;377,66
710,44;377,66
710,57;377,66
710,69;377,66
710,82;377,66
710,94;377,67
711,07;377,66
711,19;377,66
711,32;377,67
711,44;377,67
711,57;377,67
711,69;377,67
711,82;377,66
711,94;377,67
712,07;377,66
712,19;377,66
712,32;377,66
712,44;377,67
712,57;377,66
712,69;377,66
712,82;377,67
712,94;377,66
713,07;377,67
713,19;377,67
713,32;377,66
713,44;377,67
713,57;377,67
713,69;377,66
713,82;377,66
713,94;377,66
714,07;377,66
714,19;377,67
714,32;377,66
714,44;377,66
714,57;377,67
714,69;377,67
714,82;377,67
714,94;377,66
715,07;377,67
715,19;377,67
715,32;377,67
715,44;377,67
715,57;377,66
715,69;377,66
715,82;377,66
715,94;377,66
716,07;377,66
716,19;377,67
716,32;377,66
716,44;377,66
716,57;377,67
716,69;377,67
716,86;377,66
716,94;377,66
717,07;377,66
717,19;377,66
717,32;377,66
717,44;377,67
717,57;377,67
717,69;377,66
717,82;377,66
717,94;377,66
719,48;377,67
719,61;377,67
719,73;377,67
719,86;377,66
719,98;377,67
720,11;377,66
720,23;377,66
720,36;377,66
720,48;377,66
720,61;377,66
720,73;377,67
720,86;377,66
720,98;377,66
721,11;377,66
721,23;377,66
721,36;377,66
721,48;377,66
721,61;377,66
721,73;377,66
721,86;377,66
721,98;377,66
722,11;377,66
722,23;377,66
722,36;377,66
722,48;377,66
722,61;377,66
722,73;377,65
722,86;377,65
722,98;377,66
723,11;377,66
723,23;377,66
723,36;377,66
723,48;377,66
723,61;377,65
723,73;377,65
723,86;377,65
723,98;377,64
724,11;377,63
724,23;377,62
724,36;377,60
724,48;377,58
724,61;377,55
724,73;377,52
724,86;377,48
724,98;377,44
725,11;377,40
725,23;377,35
725,36;377,30
725,48;377,25
725,61;377,19
725,73;377,14
725,86;377,09
725,98;377,03
726,11;376,97
726,23;376,93
726,36;376,87
726,48;376,83
726,61;376,78
726,73;376,74
726,86;376,70
726,98;376,65
727,11;376,62
727,23;376,58
727,36;376,54
727,48;376,50
727,61;376,47
727,73;376,44
727,86;376,40
727,98;376,37
728,11;376,34
728,23;376,31
728,36;376,28
728,48;376,24
728,61;376,21
728,73;376,18
728,86;376,16
728,98;376,13
729,11;376,10
729,23;376,07
729,36;376,05
729,48;376,02
729,61;376,00
729,73;375,98
729,86;375,95
729,98;375,93
730,11;375,90
730,23;375,89
730,36;375,86
730,48;375,83
730,61;375,82
730,73;375,80
730,86;375,77
730,98;375,75
731,11;375,73
731,23;375,71
731,36;375,70
731,48;375,68
731,61;375,66
731,73;375,64
731,86;375,61
732,02;375,59
732,11;375,58
732,23;375,57
732,36;375,54
732,48;375,52
732,61;375,51
732,73;375,50
732,86;375,48
732,98;375,46
733,11;375,44
733,23;375,43
733,36;375,42
733,48;375,40
733,61;375,38
733,73;375,37
733,86;375,35
733,98;375,34
734,11;375,32
734,23;375,30
734,36;375,29
734,48;375,29
734,61;375,27
734,73;375,25
734,86;375,24
734,98;375,22
735,11;375,21
735,23;375,19
735,36;375,18
735,48;375,16
735,61;375,15
735,73;375,14
735,86;375,13
735,98;375,11
736,11;375,10
736,23;375,09
736,36;375,08
736,48;375,07
736,61;375,06
736,73;375,05
736,86;375,03
736,98;375,02
737,11;375,02
737,23;375,00
737,36;375,00
737,48;374,98
737,61;374,97
737,73;374,96
737,86;374,94
737,98;374,93
738,11;374,93
738,23;374,92
738,36;374,90
738,48;374,90
738,61;374,88
738,73;374,87
738,86;374,86
738,98;374,85
739,11;374,85
739,23;374,84
739,36;374,83
739,48;374,82
739,61;374,81
739,73;374,80
739,86;374,79
739,98;374,77
740,11;374,76
740,23;374,75
740,36;374,74
740,48;374,73
740,61;374,73
740,73;374,71
740,86;374,71
740,98;374,70
741,11;374,69
741,23;374,68
741,36;374,68
741,48;374,66
741,61;374,66
741,73;374,65
741,86;374,64
741,98;374,63
742,11;374,63
742,23;374,62
742,36;374,61
742,48;374,60
742,61;374,60
742,73;374,59
742,86;374,58
742,98;374,58
743,11;374,57
743,23;374,55
743,36;374,54
743,48;374,54
743,61;374,53
743,73;374,52
743,86;374,52
743,98;374,51
744,11;374,50
744,23;374,49
744,36;374,48
744,48;374,47
744,61;374,47
744,73;374,46
744,86;374,45
744,98;374,45
745,11;374,44
745,23;374,43
745,36;374,42
745,48;374,42
745,61;374,41
745,73;374,40
745,86;374,39
745,98;374,39
746,11;374,38
746,23;374,38
746,36;374,37
746,48;374,36
746,61;374,36
746,73;374,35
746,86;374,35
746,98;374,34
747,15;374,34
747,23;374,32
747,36;374,32
747,48;374,32
747,61;374,31
747,73;374,30
747,86;374,30
747,98;374,29
748,11;374,29
748,23;374,28
748,36;374,27
748,48;374,27
748,61;374,26
748,73;374,26
748,86;374,25
748,98;374,24
749,11;374,24
749,23;374,23
749,36;374,23
749,48;374,22
749,61;374,22
749,73;374,21
749,86;374,21
749,98;374,21
750,11;374,20
750,23;374,19
750,36;374,18
750,48;374,18
750,61;374,17
750,73;374,16
750,86;374,17
750,98;374,15
751,11;374,15
751,23;374,14
751,36;374,14
751,48;374,14
751,61;374,13
751,73;374,12
751,86;374,12
751,98;374,11
752,11;374,10
752,23;374,10
752,36;374,09
752,48;374,09
752,61;374,08
752,73;374,08
752,86;374,07
752,98;374,07
753,11;374,06
753,23;374,06
753,36;374,06
753,48;374,05
753,61;374,05
753,73;374,05
753,86;374,04
753,98;374,04
754,11;374,03
754,23;374,03
754,36;374,03
754,48;374,03
754,61;374,03
754,73;374,02
754,86;374,01
754,98;374,01
755,11;374,00
755,23;374,00
755,36;373,99
755,48;373,99
755,61;373,98
755,73;373,98
755,86;373,98
755,98;373,97
756,11;373,97
756,23;373,96
756,36;373,96
756,48;373,96
756,61;373,95
756,73;373,94
756,86;373,94
756,98;373,93
757,11;373,93
757,23;373,92
757,36;373,92
757,48;373,92
757,61;373,92
757,73;373,91
757,86;373,90
757,98;373,90
758,11;373,90
758,23;373,89
758,36;373,89
758,48;373,89
758,61;373,88
758,73;373,87
758,86;373,87
758,98;373,86
759,11;373,86
759,23;373,86
759,36;373,85
759,48;373,85
759,61;373,85
759,73;373,84
759,86;373,83
759,98;373,83
760,11;373,84
760,23;373,83
760,36;373,82
760,48;373,82
760,61;373,82
760,73;373,81
760,86;373,81
760,98;373,81
761,11;373,80
761,23;373,80
761,36;373,80
761,48;373,80
761,61;373,80
761,73;373,79
761,86;373,78
761,98;373,78
762,11;373,79
762,27;373,78
762,36;373,77
762,48;373,77
762,61;373,76
762,73;373,76
762,86;373,75
762,98;373,76
763,11;373,75
763,23;373,74
763,36;373,75
763,48;373,75
763,61;373,74
763,73;373,74
763,86;373,73
763,98;373,73
764,11;373,73
764,24;373,72
764,36;373,72
764,48;373,72
764,61;373,72
764,73;373,71
764,86;373,71
764,98;373,71
765,11;373,70
765,23;373,69
765,36;373,69
765,48;373,69
765,61;373,69
765,73;373,68
765,86;373,68
765,99;373,68
766,11;373,68
766,23;373,68
766,36;373,67
766,48;373,67
766,61;373,67
766,73;373,66
766,86;373,66
766,98;373,66
767,11;373,65
767,23;373,65
767,36;373,65
767,48;373,65
767,61;373,64
767,73;373,64
767,86;373,64
767,98;373,63
768,11;373,63
768,23;373,63
768,36;373,62
768,48;373,62
768,61;373,62
768,73;373,61
768,86;373,61
768,98;373,62
769,11;373,61
769,23;373,60
769,36;373,60
769,48;373,60
769,61;373,60
769,73;373,60
769,86;373,59
769,98;373,59
770,11;373,59
770,23;373,59
770,36;373,58
770,48;373,58
770,61;373,58
770,73;373,57
770,86;373,57
770,98;373,57
771,11;373,57
771,23;373,57
771,36;373,57
771,48;373,56
771,61;373,55
771,73;373,55
771,86;373,56
771,98;373,55
772,11;373,55
772,23;373,54
772,36;373,54
772,48;373,54
772,61;373,54
772,73;373,54
772,86;373,53
772,98;373,54
773,11;373,53
773,23;373,53
773,36;373,53
773,48;373,52
773,61;373,52
773,73;373,52
773,86;373,52
773,98;373,51
774,11;373,51
774,23;373,51
774,36;373,50
774,48;373,50
774,61;373,50
774,73;373,50
774,86;373,49
774,98;373,50
775,11;373,50
775,23;373,49
775,36;373,49
775,48;373,49
775,61;373,48
775,73;373,48
775,86;373,48
775,98;373,48
776,11;373,48
776,23;373,48
776,36;373,47
776,48;373,47
776,61;373,46
776,73;373,46
776,86;373,46
776,98;373,46
777,11;373,46
777,23;373,45
777,40;373,45
777,48;373,44
777,61;373,45
777,73;373,45
777,86;373,44
777,98;373,43
778,11;373,43
778,23;373,43
778,36;373,43
778,48;373,43
778,61;373,43
778,73;373,43
778,86;373,43
778,98;373,43
779,11;373,42
779,23;373,42
779,36;373,42
779,48;373,42
779,61;373,41
779,73;373,41
779,86;373,41
779,98;373,40
780,11;373,40
780,23;373,40
780,36;373,40
780,48;373,40
780,61;373,39
780,74;373,39
780,86;373,39
780,98;373,39
781,11;373,39
781,23;373,39
781,36;373,39
781,48;373,38
781,61;373,38
781,74;373,38
781,86;373,38
781,98;373,38
782,11;373,38
782,23;373,37
782,36;373,37
782,48;373,37
782,61;373,37
782,73;373,36
782,86;373,36
782,98;373,36
783,11;373,36
783,23;373,36
783,36;373,35
783,49;373,35
783,61;373,35
783,73;373,34
783,86;373,34
783,98;373,34
784,11;373,34
784,23;373,34
784,36;373,33
784,48;373,33
784,61;373,33
784,73;373,33
784,86;373,32
784,98;373,33
785,11;373,32
785,23;373,33
785,36;373,32
785,48;373,33
785,61;373,32
785,73;373,32
785,86;373,32
785,98;373,32
786,11;373,32
786,23;373,32
786,36;373,31
786,48;373,31
786,61;373,31
786,73;373,31
786,86;373,31
786,98;373,30
787,11;373,30
787,23;373,30
787,36;373,30
787,48;373,30
787,61;373,30
787,74;373,29
787,86;373,29
787,98;373,29
788,11;373,29
788,23;373,29
788,36;373,29
788,48;373,29
788,61;373,29
788,73;373,29
788,86;373,29
788,98;373,28
789,11;373,28
789,23;373,28
789,36;373,28
789,48;373,28
789,61;373,27
789,73;373,27
789,86;373,27
789,98;373,26
790,11;373,27
790,23;373,26
790,36;373,27
790,48;373,26
790,61;373,26
790,73;373,27
790,86;373,25
790,98;373,26
791,11;373,25
791,23;373,26
791,36;373,25
791,48;373,25
791,61;373,25
791,73;373,25
791,86;373,25
791,98;373,25
792,11;373,24
792,23;373,24
792,36;373,24
792,52;373,24
792,61;373,24
792,73;373,23
792,86;373,23
792,98;373,23
793,11;373,23
793,23;373,22
793,36;373,22
793,48;373,22
793,61;373,22
793,73;373,22
793,86;373,23
793,98;373,23
794,11;373,23
794,23;373,23
794,36;373,22
794,48;373,22
794,61;373,22
794,73;373,22
794,86;373,21
794,98;373,21
795,11;373,21
795,23;373,22
795,36;373,20
795,48;373,20
795,61;373,20
795,73;373,20
795,86;373,20
795,98;373,19
796,11;373,20
796,23;373,19
796,36;373,19
796,48;373,19
796,61;373,19
796,73;373,19
796,86;373,19
796,98;373,19
797,11;373,19
797,23;373,19
797,36;373,18
797,48;373,18
797,61;373,19
797,73;373,19
797,86;373,19
797,98;373,18
798,11;373,18
798,23;373,17
798,36;373,17
798,48;373,17
798,61;373,17
798,73;373,17
798,86;373,17
798,98;373,17
799,11;373,16
799,23;373,16
799,36;373,17
799,48;373,17
799,61;373,16
799,73;373,16
799,86;373,16
799,98;373,16
800,11;373,15
800,23;373,15
800,36;373,15
800,48;373,15
800,61;373,15
800,73;373,15
800,86;373,15
800,98;373,14
801,11;373,14
801,23;373,15
801,36;373,14
801,48;373,13
801,61;373,13
801,73;373,13
801,86;373,13
801,98;373,13
802,11;373,13
802,23;373,12
802,36;373,13
802,48;373,12
802,61;373,12
802,73;373,12
802,86;373,12
802,98;373,12
803,11;373,12
803,23;373,12
803,36;373,12
803,48;373,12
803,61;373,12
803,73;373,12
803,86;373,11
803,98;373,11
804,11;373,12
804,24;373,11
804,36;373,11
804,48;373,11
804,61;373,11
804,73;373,11
804,86;373,11
804,98;373,11
805,11;373,10
805,24;373,11
805,36;373,11
805,48;373,11
805,61;373,11
805,73;373,11
805,86;373,10
805,98;373,11
806,11;373,10
806,23;373,09
806,36;373,10
806,48;373,09
806,61;373,09
806,73;373,09
806,86;373,09
806,98;373,09
807,11;373,09
807,23;373,09
807,36;373,09
807,48;373,09
807,65;373,08
807,73;373,08
807,86;373,09
807,98;373,09
808,11;373,08
808,23;373,08
808,36;373,08
808,48;373,08
808,61;373,07
808,73;373,07
808,86;373,07
808,98;373,07
809,11;373,07
809,23;373,07
809,36;373,07
809,48;373,07
809,61;373,07
809,74;373,07
809,86;373,06
809,98;373,07
810,11;373,07
810,23;373,07
810,36;373,07
810,48;373,07
810,61;373,06
810,73;373,06
810,86;373,06
810,98;373,06
811,11;373,06
811,23;373,06
811,36;373,06
811,48;373,06
811,61;373,05
811,73;373,05
811,86;373,05
811,98;373,05
812,11;373,05
812,23;373,05
812,36;373,04
812,49;373,04
812,61;373,04
812,73;373,04
812,86;373,04
812,99;373,04
813,11;373,05
813,23;373,04
813,36;373,04
813,48;373,04
813,61;373,04
813,73;373,04
813,86;373,03
813,98;373,04
814,11;373,03
814,23;373,03
814,36;373,03
814,48;373,04
814,61;373,03
814,73;373,03
814,86;373,04
814,98;373,03
815,11;373,03
815,23;373,03
815,36;373,03
815,48;373,02
815,61;373,02
815,73;373,02
815,86;373,02
815,98;373,02
816,11;373,02
816,23;373,02
816,36;373,02
816,48;373,01
816,61;373,01
816,74;373,01
816,86;373,01
816,98;373,01
817,11;373,01
817,23;373,01
817,36;373,02
817,48;373,02
817,61;373,02
817,73;373,02
817,86;373,02
817,98;373,02
818,11;373,02
818,23;373,02
818,36;373,01
818,48;373,01
818,61;373,01
818,73;373,00
818,86;373,00
818,98;373,00
819,11;373,00
819,23;373,00
819,36;373,00
819,48;373,00
819,61;373,00
819,73;373,00
819,86;372,99
819,98;373,00
820,11;372,99
820,23;372,99
820,36;372,99
820,48;372,99
820,61;373,00
820,73;373,00
820,86;372,99
820,98;372,99
821,11;372,98
821,24;372,98
821,36;372,98
821,48;372,98
821,61;372,98
821,73;372,98
821,86;372,98
821,98;372,98
822,11;372,97
822,23;372,98
822,36;372,98
822,48;372,98
822,61;372,98
822,78;372,97
822,86;372,97
822,98;372,98
823,11;372,97
823,23;372,97
823,36;372,97
823,48;372,98
823,61;372,98
823,73;372,98
823,86;372,97
823,98;372,97
824,11;372,97
824,23;372,96
824,36;372,97
824,49;372,97
824,61;372,97
824,73;372,97
824,86;372,97
824,98;372,97
825,11;372,97
825,23;372,97
825,36;372,97
825,48;372,96
825,61;372,96
825,73;372,96
825,86;372,96
825,98;372,96
826,11;372,96
826,23;372,97
826,36;372,96
826,48;372,96
826,61;372,95
826,73;372,96
826,86;372,96
826,98;372,96
827,11;372,95
827,23;372,95
827,36;372,95
827,48;372,95
827,61;372,95
827,74;372,95
827,86;372,95
827,98;372,95
828,11;372,95
828,23;372,95
828,36;372,94
828,48;372,94
828,61;372,94
828,73;372,94
828,86;372,94
828,98;372,94
829,11;372,93
829,23;372,94
829,36;372,94
829,48;372,93
829,61;372,93
829,73;372,94
829,86;372,93
829,98;372,94
830,11;372,94
830,23;372,94
830,36;372,93
830,48;372,93
830,61;372,93
830,73;372,93
830,86;372,93
830,98;372,93
831,11;372,94
831,23;372,93
831,36;372,93
831,49;372,93
831,61;372,93
831,73;372,93
831,86;372,93
831,98;372,93
832,11;372,93
832,23;372,93
832,36;372,93
832,48;372,94
832,61;372,93
832,73;372,93
832,86;372,93
832,98;372,93
833,11;372,93
833,23;372,92
833,36;372,93
833,48;372,92
833,61;372,93
833,73;372,93
833,86;372,93
833,98;372,93
834,11;372,92
834,24;372,93
834,36;372,92
834,48;372,92
834,61;372,92
834,73;372,92
834,86;372,92
834,98;372,92
835,11;372,92
835,23;372,92
835,36;372,92
835,48;372,92
835,61;372,92
835,73;372,92
835,86;372,92
835,98;372,92
836,11;372,91
836,23;372,91
836,36;372,91
836,48;372,91
836,61;372,91
836,73;372,91
836,86;372,91
836,98;372,91
837,11;372,90
837,23;372,91
837,36;372,90
837,48;372,90
837,61;372,90
837,73;372,90
837,90;372,90
837,98;372,90
